task_id,task_name,dependency,input,output,status,reviewer,evidence_path,completed_at
"00.01","Create design-handoff root","","Approved execution plan","design-handoff/.gitkeep","DONE","AI","GitHub commit history",""
"00.02","Create handoff directories","00.01","Output of 00.01","design-handoff/{00-project..10-reports}/.gitkeep","DONE","AI","GitHub commit history",""
"00.03","Create master task register","00.02","Output of 00.02","design-handoff/00-project/TASK_REGISTER.csv","DONE","AI","GitHub commit 00402d9aa8c8cc4c3e1387f845d7ef0c67860fd0",""
"00.04","Create decision log","00.03","Output of 00.03","design-handoff/00-project/DECISION_LOG.md","DONE","AI","GitHub commit 70ca55aa9611d81b7083b90e8593ffad51010c51",""
"00.05","Create issue register","00.04","Output of 00.04","design-handoff/00-project/ISSUE_REGISTER.csv","DONE","AI","GitHub commit 6f9f5ce9306228700cfd3b289e631bec91413c99",""
"00.06","Create design rules","00.05","Output of 00.05","design-handoff/00-project/DESIGN_RULES.md","DONE","AI","GitHub commit d096e2ec6c8824ad706950d31c05ac719f655002",""
"00.07","Create definition of done","00.06","Output of 00.06","design-handoff/00-project/DEFINITION_OF_DONE.md","DONE","AI","GitHub commit 91065c31e3c80610b22d8f0b8a99f53042bef38d",""
"00.08","Create versioning policy","00.07","Output of 00.07","design-handoff/00-project/VERSIONING.md","TODO","AI","",""
"10.01","Inventory interactive elements","07.44","Output of 07.44","design-handoff/06-interactions/10.01.artifact","TODO","AI","",""
"10.02","Map navigation destinations","10.01","Output of 10.01","design-handoff/06-interactions/10.02.artifact","TODO","AI","",""
"10.03","Specify tap actions","10.02","Output of 10.02","design-handoff/06-interactions/10.03.artifact","TODO","AI","",""
"10.04","Specify back navigation","10.03","Output of 10.03","design-handoff/06-interactions/10.04.artifact","TODO","AI","",""
"10.05","Specify locked states","10.04","Output of 10.04","design-handoff/06-interactions/10.05.artifact","TODO","AI","",""
"10.06","Specify completed states","10.05","Output of 10.05","design-handoff/06-interactions/10.06.artifact","TODO","AI","",""
"10.07","Specify loading states","10.06","Output of 10.06","design-handoff/06-interactions/10.07.artifact","TODO","AI","",""
"10.08","Specify empty states","10.07","Output of 10.07","design-handoff/06-interactions/10.08.artifact","TODO","AI","",""
"10.09","Specify error states","10.08","Output of 10.08","design-handoff/06-interactions/10.09.artifact","TODO","AI","",""
"10.10","Specify animations","10.09","Output of 10.09","design-handoff/06-interactions/10.10.artifact","TODO","AI","",""
"10.11","Specify reduced motion","10.10","Output of 10.10","design-handoff/06-interactions/10.11.artifact","TODO","AI","",""
"10.12","Specify touch feedback","10.11","Output of 10.11","design-handoff/06-interactions/10.12.artifact","TODO","AI","",""
"10.13","Specify sound feedback","10.12","Output of 10.12","design-handoff/06-interactions/10.13.artifact","TODO","AI","",""
"10.14","Specify learning guard flow","10.13","Output of 10.13","design-handoff/06-interactions/10.14.artifact","TODO","AI","",""
"10.15","Audit interaction coverage","10.14","Output of 10.14","design-handoff/06-interactions/10.15.artifact","TODO","AI","",""
"11.01","Define Map schema","10.15","Output of 10.15","design-handoff/08-code-contract/11.01.artifact","TODO","AI","",""
"11.02","Define Stage schema","11.01","Output of 11.01","design-handoff/08-code-contract/11.02.artifact","TODO","AI","",""
"11.03","Define Unit schema","11.02","Output of 11.02","design-handoff/08-code-contract/11.03.artifact","TODO","AI","",""
"11.04","Define Lesson schema","11.03","Output of 11.03","design-handoff/08-code-contract/11.04.artifact","TODO","AI","",""
"11.05","Define Resource schema","11.04","Output of 11.04","design-handoff/08-code-contract/11.05.artifact","TODO","AI","",""
"11.06","Define Vocabulary schema","11.05","Output of 11.05","design-handoff/08-code-contract/11.06.artifact","TODO","AI","",""
"11.07","Define Exercise schema","11.06","Output of 11.06","design-handoff/08-code-contract/11.07.artifact","TODO","AI","",""
"11.08","Define Game schema","11.07","Output of 11.07","design-handoff/08-code-contract/11.08.artifact","TODO","AI","",""
"11.09","Define Reward schema","11.08","Output of 11.08","design-handoff/08-code-contract/11.09.artifact","TODO","AI","",""
"11.10","Define Progress schema","11.09","Output of 11.09","design-handoff/08-code-contract/11.10.artifact","TODO","AI","",""
"11.11","Define AI Draft schema","11.10","Output of 11.10","design-handoff/08-code-contract/11.11.artifact","TODO","AI","",""
"11.12","Define Parent Review schema","11.11","Output of 11.11","design-handoff/08-code-contract/11.12.artifact","TODO","AI","",""
"11.13","Define Publish state","11.12","Output of 11.12","design-handoff/08-code-contract/11.13.artifact","TODO","AI","",""
"11.14","Define mock data","11.13","Output of 11.13","design-handoff/08-code-contract/11.14.artifact","TODO","AI","",""
"11.15","Test long content","11.14","Output of 11.14","design-handoff/08-code-contract/11.15.artifact","TODO","AI","",""
"11.16","Test missing content","11.15","Output of 11.15","design-handoff/08-code-contract/11.16.artifact","TODO","AI","",""
"11.17","Test multilingual content","11.16","Output of 11.16","design-handoff/08-code-contract/11.17.artifact","TODO","AI","",""
"11.18","Validate schema compatibility","11.17","Output of 11.17","design-handoff/08-code-contract/11.18.artifact","TODO","AI","",""
"12.01","Confirm reference viewport","09.S13.22","Output of 09.S13.22","design-handoff/09-visual-qa/12.01.artifact","TODO","Owner","",""
"12.02","Confirm secondary iPad viewport","12.01","Output of 12.01","design-handoff/09-visual-qa/12.02.artifact","TODO","Owner","",""
"12.03","Test landscape","12.02","Output of 12.02","design-handoff/09-visual-qa/12.03.artifact","TODO","AI","",""
"12.04","Test portrait fallback","12.03","Output of 12.03","design-handoff/09-visual-qa/12.04.artifact","TODO","AI","",""
"12.05","Test safe areas","12.04","Output of 12.04","design-handoff/09-visual-qa/12.05.artifact","TODO","AI","",""
"12.06","Test text scaling","12.05","Output of 12.05","design-handoff/09-visual-qa/12.06.artifact","TODO","AI","",""
"12.07","Test touch targets","12.06","Output of 12.06","design-handoff/09-visual-qa/12.07.artifact","TODO","AI","",""
"12.08","Test keyboard overlay","12.07","Output of 12.07","design-handoff/09-visual-qa/12.08.artifact","TODO","AI","",""
"12.09","Test scrolling","12.08","Output of 12.08","design-handoff/09-visual-qa/12.09.artifact","TODO","AI","",""
"12.10","Test orientation changes","12.09","Output of 12.09","design-handoff/09-visual-qa/12.10.artifact","TODO","AI","",""
"12.11","Test standalone PWA","12.10","Output of 12.10","design-handoff/09-visual-qa/12.11.artifact","TODO","AI","",""
"12.12","Test iPad Safari","12.11","Output of 12.11","design-handoff/09-visual-qa/12.12.artifact","TODO","AI","",""
"12.13","Record device issues","12.12","Output of 12.12","design-handoff/09-visual-qa/12.13.artifact","TODO","AI","",""
"12.14","Fix responsive issues","12.13","Output of 12.13","design-handoff/09-visual-qa/12.14.artifact","TODO","AI","",""
"12.15","Create device QA report","12.14","Output of 12.14","design-handoff/09-visual-qa/12.15.artifact","TODO","AI","",""
"13.01","Verify 13 reference images","12.15","Output of 12.15","design-handoff/10-reports/13.01.artifact","TODO","AI","",""
"13.02","Verify 13 screen specifications","13.01","Output of 13.01","design-handoff/10-reports/13.02.artifact","TODO","AI","",""
"13.03","Verify design tokens","13.02","Output of 13.02","design-handoff/10-reports/13.03.artifact","TODO","AI","",""
"13.04","Verify asset manifest","13.03","Output of 13.03","design-handoff/10-reports/13.04.artifact","TODO","AI","",""
"13.05","Verify component registry","13.04","Output of 13.04","design-handoff/10-reports/13.05.artifact","TODO","AI","",""
"13.06","Verify Figma master","13.05","Output of 13.05","design-handoff/10-reports/13.06.artifact","TODO","AI","",""
"13.07","Verify code contracts","13.06","Output of 13.06","design-handoff/10-reports/13.07.artifact","TODO","AI","",""
"13.08","Verify interaction specifications","13.07","Output of 13.07","design-handoff/10-reports/13.08.artifact","TODO","AI","",""
"13.09","Verify visual QA reports","13.08","Output of 13.08","design-handoff/10-reports/13.09.artifact","TODO","AI","",""
"13.10","Check unresolved issues","13.09","Output of 13.09","design-handoff/10-reports/13.10.artifact","TODO","AI","",""
"13.11","Check unapproved decisions","13.10","Output of 13.10","design-handoff/10-reports/13.11.artifact","TODO","AI","",""
"13.12","Verify asset paths","13.11","Output of 13.11","design-handoff/10-reports/13.12.artifact","TODO","AI","",""
"13.13","Verify repository structure","13.12","Output of 13.12","design-handoff/10-reports/13.13.artifact","TODO","AI","",""
"13.14","Verify version consistency","13.13","Output of 13.13","design-handoff/10-reports/13.14.artifact","TODO","AI","",""
"13.15","Create handoff manifest","13.14","Output of 13.14","design-handoff/10-reports/13.15.artifact","TODO","AI","",""
"13.16","Create handoff README","13.15","Output of 13.15","design-handoff/10-reports/13.16.artifact","TODO","AI","",""
"13.17","Create release checklist","13.16","Output of 13.16","design-handoff/10-reports/13.17.artifact","TODO","AI","",""
"13.18","Package release","13.17","Output of 13.17","design-handoff/10-reports/13.18.artifact","TODO","AI","",""
"13.19","Verify packaged release","13.18","Output of 13.18","design-handoff/10-reports/13.19.artifact","TODO","AI","",""
"13.20","Approve release","13.19","Output of 13.19","design-handoff/10-reports/13.20.artifact","TODO","Owner","",""
"01.01","Count source mockups","00.08","Output of 00.08","design-handoff/01-reference/01.01.artifact","TODO","AI","",""
"01.02","Inspect mockup quality","01.01","Output of 01.01","design-handoff/01-reference/01.02.artifact","TODO","AI","",""
"01.03","Split composite mockups","01.02","Output of 01.02","design-handoff/01-reference/01.03.artifact","TODO","AI","",""
"01.04","Assign screen IDs","01.03","Output of 01.03","design-handoff/01-reference/01.04.artifact","TODO","AI","",""
"01.05","Generate reference checksums","01.04","Output of 01.04","design-handoff/01-reference/01.05.artifact","TODO","AI","",""
"01.06","Analyze source viewport","01.05","Output of 01.05","design-handoff/01-reference/01.06.artifact","TODO","AI","",""
"01.07","Specify safe areas","01.06","Output of 01.06","design-handoff/01-reference/01.07.artifact","TODO","AI","",""
"01.08","Lock reference baseline","01.07","Output of 01.07","design-handoff/01-reference/01.08.artifact","TODO","AI","",""
"03.01","Aggregate colors","02.S01.16","Output of 02.S01.16","design-handoff/02-design-system/03.01.artifact","TODO","AI","",""
"03.02","Normalize colors","03.01","Output of 03.01","design-handoff/02-design-system/03.02.artifact","TODO","AI","",""
"03.03","Assign semantic color tokens","03.02","Output of 03.02","design-handoff/02-design-system/03.03.artifact","TODO","AI","",""
"03.04","Aggregate font families","03.03","Output of 03.03","design-handoff/02-design-system/03.04.artifact","TODO","AI","",""
"03.05","Aggregate font sizes","03.04","Output of 03.04","design-handoff/02-design-system/03.05.artifact","TODO","AI","",""
"03.06","Aggregate font weights","03.05","Output of 03.05","design-handoff/02-design-system/03.06.artifact","TODO","AI","",""
"03.07","Aggregate line heights","03.06","Output of 03.06","design-handoff/02-design-system/03.07.artifact","TODO","AI","",""
"03.08","Aggregate spacing","03.07","Output of 03.07","design-handoff/02-design-system/03.08.artifact","TODO","AI","",""
"03.09","Aggregate border radii","03.08","Output of 03.08","design-handoff/02-design-system/03.09.artifact","TODO","AI","",""
"03.10","Aggregate shadows","03.09","Output of 03.09","design-handoff/02-design-system/03.10.artifact","TODO","AI","",""
"03.11","Aggregate icon sizes","03.10","Output of 03.10","design-handoff/02-design-system/03.11.artifact","TODO","AI","",""
"03.12","Aggregate z-index","03.11","Output of 03.11","design-handoff/02-design-system/03.12.artifact","TODO","AI","",""
"03.13","Define breakpoints","03.12","Output of 03.12","design-handoff/02-design-system/03.13.artifact","TODO","AI","",""
"03.14","Define motion tokens","03.13","Output of 03.13","design-handoff/02-design-system/03.14.artifact","TODO","AI","",""
"03.15","Assemble design tokens","03.14","Output of 03.14","design-handoff/02-design-system/03.15.artifact","TODO","AI","",""
"03.16","Audit unused tokens","03.15","Output of 03.15","design-handoff/02-design-system/03.16.artifact","TODO","AI","",""
"03.17","Audit conflicting tokens","03.16","Output of 03.16","design-handoff/02-design-system/03.17.artifact","TODO","AI","",""
"03.18","Approve design system","03.17","Output of 03.17","design-handoff/02-design-system/03.18.artifact","TODO","Owner","",""
"04.01","Inventory mascot assets","01.08","Output of 01.08","design-handoff/03-assets/04.01.artifact","TODO","AI","",""
"04.02","Inventory character assets","04.01","Output of 04.01","design-handoff/03-assets/04.02.artifact","TODO","AI","",""
"04.03","Inventory backgrounds","04.02","Output of 04.02","design-handoff/03-assets/04.03.artifact","TODO","AI","",""
"04.04","Inventory world illustrations","04.03","Output of 04.03","design-handoff/03-assets/04.04.artifact","TODO","AI","",""
"04.05","Inventory reward illustrations","04.04","Output of 04.04","design-handoff/03-assets/04.05.artifact","TODO","AI","",""
"04.06","Inventory icons","04.05","Output of 04.05","design-handoff/03-assets/04.06.artifact","TODO","AI","",""
"04.07","Detect duplicate assets","04.06","Output of 04.06","design-handoff/03-assets/04.07.artifact","TODO","AI","",""
"04.08","Assign asset IDs","04.07","Output of 04.07","design-handoff/03-assets/04.08.artifact","TODO","AI","",""
"04.09","Check existing repository assets","04.08","Output of 04.08","design-handoff/03-assets/04.09.artifact","TODO","AI","",""
"04.10","List missing assets","04.09","Output of 04.09","design-handoff/03-assets/04.10.artifact","TODO","AI","",""
"05.01","Aggregate component candidates","03.18","Output of 03.18","design-handoff/04-components/05.01.artifact","TODO","AI","",""
"05.02","Deduplicate components","05.01","Output of 05.01","design-handoff/04-components/05.02.artifact","TODO","AI","",""
"05.03","Classify atomic components","05.02","Output of 05.02","design-handoff/04-components/05.03.artifact","TODO","AI","",""
"05.04","Classify composite components","05.03","Output of 05.03","design-handoff/04-components/05.04.artifact","TODO","AI","",""
"05.05","Identify variants","05.04","Output of 05.04","design-handoff/04-components/05.05.artifact","TODO","AI","",""
"05.06","Identify component dependencies","05.05","Output of 05.05","design-handoff/04-components/05.06.artifact","TODO","AI","",""
"05.07","Create component registry","05.06","Output of 05.06","design-handoff/04-components/05.07.artifact","TODO","AI","",""
"06.01","Create Figma master file","05.07","Output of 05.07","design-handoff/07-figma/06.01.artifact","TODO","AI","",""
"06.02","Create cover page","06.01","Output of 06.01","design-handoff/07-figma/06.02.artifact","TODO","AI","",""
"06.03","Create tokens page","06.02","Output of 06.02","design-handoff/07-figma/06.03.artifact","TODO","AI","",""
"06.04","Create assets page","06.03","Output of 06.03","design-handoff/07-figma/06.04.artifact","TODO","AI","",""
"06.05","Create components page","06.04","Output of 06.04","design-handoff/07-figma/06.05.artifact","TODO","AI","",""
"06.06","Create child screens page","06.05","Output of 06.05","design-handoff/07-figma/06.06.artifact","TODO","AI","",""
"06.07","Create states page","06.06","Output of 06.06","design-handoff/07-figma/06.07.artifact","TODO","AI","",""
"06.08","Create interactions page","06.07","Output of 06.07","design-handoff/07-figma/06.08.artifact","TODO","AI","",""
"06.09","Create developer handoff page","06.08","Output of 06.08","design-handoff/07-figma/06.09.artifact","TODO","AI","",""
"06.10","Configure color styles","06.09","Output of 06.09","design-handoff/07-figma/06.10.artifact","TODO","AI","",""
"06.11","Configure text styles","06.10","Output of 06.10","design-handoff/07-figma/06.11.artifact","TODO","AI","",""
"06.12","Import approved assets","06.11","Output of 06.11","design-handoff/07-figma/06.12.artifact","TODO","AI","",""
"06.13","Audit naming conventions","06.12","Output of 06.12","design-handoff/07-figma/06.13.artifact","TODO","AI","",""
"06.14","Validate Figma structure","06.13","Output of 06.13","design-handoff/07-figma/06.14.artifact","TODO","AI","",""
"07.01","Create Golden Figma frame","06.14","Output of 06.14","design-handoff/05-screens/chapter-overview/07.01.artifact","TODO","AI","",""
"07.02","Place reference layer","07.01","Output of 07.01","design-handoff/05-screens/chapter-overview/07.02.artifact","TODO","AI","",""
"07.03","Lock reference layer","07.02","Output of 07.02","design-handoff/05-screens/chapter-overview/07.03.artifact","TODO","AI","",""
"07.04","Build background","07.03","Output of 07.03","design-handoff/05-screens/chapter-overview/07.04.artifact","TODO","AI","",""
"07.05","Build header","07.04","Output of 07.04","design-handoff/05-screens/chapter-overview/07.05.artifact","TODO","AI","",""
"07.06","Build chapter cards","07.05","Output of 07.05","design-handoff/05-screens/chapter-overview/07.06.artifact","TODO","AI","",""
"07.07","Build progress indicators","07.06","Output of 07.06","design-handoff/05-screens/chapter-overview/07.07.artifact","TODO","AI","",""
"07.08","Place mascot","07.07","Output of 07.07","design-handoff/05-screens/chapter-overview/07.08.artifact","TODO","AI","",""
"07.09","Build navigation","07.08","Output of 07.08","design-handoff/05-screens/chapter-overview/07.09.artifact","TODO","AI","",""
"07.10","Apply typography","07.09","Output of 07.09","design-handoff/05-screens/chapter-overview/07.10.artifact","TODO","AI","",""
"07.11","Apply shadows","07.10","Output of 07.10","design-handoff/05-screens/chapter-overview/07.11.artifact","TODO","AI","",""
"07.12","Check alignment","07.11","Output of 07.11","design-handoff/05-screens/chapter-overview/07.12.artifact","TODO","AI","",""
"07.13","Check layer order","07.12","Output of 07.12","design-handoff/05-screens/chapter-overview/07.13.artifact","TODO","AI","",""
"07.14","Export Figma screenshot","07.13","Output of 07.13","design-handoff/05-screens/chapter-overview/07.14.artifact","TODO","AI","",""
"07.15","Compare against reference","07.14","Output of 07.14","design-handoff/05-screens/chapter-overview/07.15.artifact","TODO","AI","",""
"07.16","Fix Figma deviations","07.15","Output of 07.15","design-handoff/05-screens/chapter-overview/07.16.artifact","TODO","AI","",""
"07.17","Recheck Figma","07.16","Output of 07.16","design-handoff/05-screens/chapter-overview/07.17.artifact","TODO","AI","",""
"07.18","Approve Golden Figma screen","07.17","Output of 07.17","design-handoff/05-screens/chapter-overview/07.18.artifact","TODO","Owner","",""
"07.19","Create screen route","07.18","Output of 07.18","design-handoff/05-screens/chapter-overview/07.19.artifact","TODO","AI","",""
"07.20","Create component shell","07.19","Output of 07.19","design-handoff/05-screens/chapter-overview/07.20.artifact","TODO","AI","",""
"07.21","Apply background","07.20","Output of 07.20","design-handoff/05-screens/chapter-overview/07.21.artifact","TODO","AI","",""
"07.22","Code header","07.21","Output of 07.21","design-handoff/05-screens/chapter-overview/07.22.artifact","TODO","AI","",""
"07.23","Code chapter cards","07.22","Output of 07.22","design-handoff/05-screens/chapter-overview/07.23.artifact","TODO","AI","",""
"07.24","Code progress indicators","07.23","Output of 07.23","design-handoff/05-screens/chapter-overview/07.24.artifact","TODO","AI","",""
"07.25","Integrate mascot","07.24","Output of 07.24","design-handoff/05-screens/chapter-overview/07.25.artifact","TODO","AI","",""
"07.26","Code navigation","07.25","Output of 07.25","design-handoff/05-screens/chapter-overview/07.26.artifact","TODO","AI","",""
"07.27","Apply typography","07.26","Output of 07.26","design-handoff/05-screens/chapter-overview/07.27.artifact","TODO","AI","",""
"07.28","Apply spacing","07.27","Output of 07.27","design-handoff/05-screens/chapter-overview/07.28.artifact","TODO","AI","",""
"07.29","Apply shadows","07.28","Output of 07.28","design-handoff/05-screens/chapter-overview/07.29.artifact","TODO","AI","",""
"07.30","Check asset loading","07.29","Output of 07.29","design-handoff/05-screens/chapter-overview/07.30.artifact","TODO","AI","",""
"07.31","Check console errors","07.30","Output of 07.30","design-handoff/05-screens/chapter-overview/07.31.artifact","TODO","AI","",""
"07.32","Check overflow","07.31","Output of 07.31","design-handoff/05-screens/chapter-overview/07.32.artifact","TODO","AI","",""
"07.33","Capture screenshot","07.32","Output of 07.32","design-handoff/05-screens/chapter-overview/07.33.artifact","TODO","AI","",""
"07.34","Compare screenshot","07.33","Output of 07.33","design-handoff/05-screens/chapter-overview/07.34.artifact","TODO","AI","",""
"07.35","Record deviations","07.34","Output of 07.34","design-handoff/05-screens/chapter-overview/07.35.artifact","TODO","AI","",""
"07.36","Fix critical defects","07.35","Output of 07.35","design-handoff/05-screens/chapter-overview/07.36.artifact","TODO","AI","",""
"07.37","Fix high defects","07.36","Output of 07.36","design-handoff/05-screens/chapter-overview/07.37.artifact","TODO","AI","",""
"07.38","Fix medium defects","07.37","Output of 07.37","design-handoff/05-screens/chapter-overview/07.38.artifact","TODO","AI","",""
"07.39","Capture final screenshot","07.38","Output of 07.38","design-handoff/05-screens/chapter-overview/07.39.artifact","TODO","AI","",""
"07.40","Run visual regression","07.39","Output of 07.39","design-handoff/05-screens/chapter-overview/07.40.artifact","TODO","AI","",""
"07.41","Check touch targets","07.40","Output of 07.40","design-handoff/05-screens/chapter-overview/07.41.artifact","TODO","AI","",""
"07.42","Check responsiveness","07.41","Output of 07.41","design-handoff/05-screens/chapter-overview/07.42.artifact","TODO","AI","",""
"07.43","Create acceptance report","07.42","Output of 07.42","design-handoff/05-screens/chapter-overview/07.43.artifact","TODO","AI","",""
"07.44","Approve Golden Code screen","07.43","Output of 07.43","design-handoff/05-screens/chapter-overview/07.44.artifact","TODO","Owner","",""
"02.S01.01","S01 Identify main regions","01.08","Output of 01.08","design-handoff/05-screens/chapter-overview/analysis/01.json","TODO","AI","",""
"02.S01.02","S01 Identify layers","02.S01.01","Output of 02.S01.01","design-handoff/05-screens/chapter-overview/analysis/02.json","TODO","AI","",""
"02.S01.03","S01 Determine stacking order","02.S01.02","Output of 02.S01.02","design-handoff/05-screens/chapter-overview/analysis/03.json","TODO","AI","",""
"02.S01.04","S01 Measure bounding boxes","02.S01.03","Output of 02.S01.03","design-handoff/05-screens/chapter-overview/analysis/04.json","TODO","AI","",""
"02.S01.05","S01 Measure spacing","02.S01.04","Output of 02.S01.04","design-handoff/05-screens/chapter-overview/analysis/05.json","TODO","AI","",""
"02.S01.06","S01 Analyze colors","02.S01.05","Output of 02.S01.05","design-handoff/05-screens/chapter-overview/analysis/06.json","TODO","AI","",""
"02.S01.07","S01 Analyze typography","02.S01.06","Output of 02.S01.06","design-handoff/05-screens/chapter-overview/analysis/07.json","TODO","AI","",""
"02.S01.08","S01 Analyze radii","02.S01.07","Output of 02.S01.07","design-handoff/05-screens/chapter-overview/analysis/08.json","TODO","AI","",""
"02.S01.09","S01 Analyze shadows","02.S01.08","Output of 02.S01.08","design-handoff/05-screens/chapter-overview/analysis/09.json","TODO","AI","",""
"02.S01.10","S01 Classify visuals and icons","02.S01.09","Output of 02.S01.09","design-handoff/05-screens/chapter-overview/analysis/10.json","TODO","AI","",""
"02.S01.11","S01 Identify reusable components","02.S01.10","Output of 02.S01.10","design-handoff/05-screens/chapter-overview/analysis/11.json","TODO","AI","",""
"02.S01.12","S01 Capture displayed content","02.S01.11","Output of 02.S01.11","design-handoff/05-screens/chapter-overview/analysis/12.json","TODO","AI","",""
"02.S01.13","S01 Identify visible state","02.S01.12","Output of 02.S01.12","design-handoff/05-screens/chapter-overview/analysis/13.json","TODO","AI","",""
"02.S01.14","S01 Record unknowns","02.S01.13","Output of 02.S01.13","design-handoff/05-screens/chapter-overview/analysis/14.json","TODO","AI","",""
"02.S01.15","S01 Assemble screen specification","02.S01.14","Output of 02.S01.14","design-handoff/05-screens/chapter-overview/analysis/15.json","TODO","AI","",""
"02.S01.16","S01 Validate screen analysis","02.S01.15","Output of 02.S01.15","design-handoff/05-screens/chapter-overview/analysis/16.json","TODO","AI","",""
"02.S02.01","S02 Identify main regions","01.08","Output of 01.08","design-handoff/05-screens/lesson-detail/analysis/01.json","TODO","AI","",""
"02.S02.02","S02 Identify layers","02.S02.01","Output of 02.S02.01","design-handoff/05-screens/lesson-detail/analysis/02.json","TODO","AI","",""
"02.S02.03","S02 Determine stacking order","02.S02.02","Output of 02.S02.02","design-handoff/05-screens/lesson-detail/analysis/03.json","TODO","AI","",""
"02.S02.04","S02 Measure bounding boxes","02.S02.03","Output of 02.S02.03","design-handoff/05-screens/lesson-detail/analysis/04.json","TODO","AI","",""
"02.S02.05","S02 Measure spacing","02.S02.04","Output of 02.S02.04","design-handoff/05-screens/lesson-detail/analysis/05.json","TODO","AI","",""
"02.S02.06","S02 Analyze colors","02.S02.05","Output of 02.S02.05","design-handoff/05-screens/lesson-detail/analysis/06.json","TODO","AI","",""
"02.S02.07","S02 Analyze typography","02.S02.06","Output of 02.S02.06","design-handoff/05-screens/lesson-detail/analysis/07.json","TODO","AI","",""
"02.S02.08","S02 Analyze radii","02.S02.07","Output of 02.S02.07","design-handoff/05-screens/lesson-detail/analysis/08.json","TODO","AI","",""
"02.S02.09","S02 Analyze shadows","02.S02.08","Output of 02.S02.08","design-handoff/05-screens/lesson-detail/analysis/09.json","TODO","AI","",""
"02.S02.10","S02 Classify visuals and icons","02.S02.09","Output of 02.S02.09","design-handoff/05-screens/lesson-detail/analysis/10.json","TODO","AI","",""
"02.S02.11","S02 Identify reusable components","02.S02.10","Output of 02.S02.10","design-handoff/05-screens/lesson-detail/analysis/11.json","TODO","AI","",""
"02.S02.12","S02 Capture displayed content","02.S02.11","Output of 02.S02.11","design-handoff/05-screens/lesson-detail/analysis/12.json","TODO","AI","",""
"02.S02.13","S02 Identify visible state","02.S02.12","Output of 02.S02.12","design-handoff/05-screens/lesson-detail/analysis/13.json","TODO","AI","",""
"02.S02.14","S02 Record unknowns","02.S02.13","Output of 02.S02.13","design-handoff/05-screens/lesson-detail/analysis/14.json","TODO","AI","",""
"02.S02.15","S02 Assemble screen specification","02.S02.14","Output of 02.S02.14","design-handoff/05-screens/lesson-detail/analysis/15.json","TODO","AI","",""
"02.S02.16","S02 Validate screen analysis","02.S02.15","Output of 02.S02.15","design-handoff/05-screens/lesson-detail/analysis/16.json","TODO","AI","",""
"02.S03.01","S03 Identify main regions","01.08","Output of 01.08","design-handoff/05-screens/quick-review/analysis/01.json","TODO","AI","",""
"02.S03.02","S03 Identify layers","02.S03.01","Output of 02.S03.01","design-handoff/05-screens/quick-review/analysis/02.json","TODO","AI","",""
"02.S03.03","S03 Determine stacking order","02.S03.02","Output of 02.S03.02","design-handoff/05-screens/quick-review/analysis/03.json","TODO","AI","",""
"02.S03.04","S03 Measure bounding boxes","02.S03.03","Output of 02.S03.03","design-handoff/05-screens/quick-review/analysis/04.json","TODO","AI","",""
"02.S03.05","S03 Measure spacing","02.S03.04","Output of 02.S03.04","design-handoff/05-screens/quick-review/analysis/05.json","TODO","AI","",""
"02.S03.06","S03 Analyze colors","02.S03.05","Output of 02.S03.05","design-handoff/05-screens/quick-review/analysis/06.json","TODO","AI","",""
"02.S03.07","S03 Analyze typography","02.S03.06","Output of 02.S03.06","design-handoff/05-screens/quick-review/analysis/07.json","TODO","AI","",""
"02.S03.08","S03 Analyze radii","02.S03.07","Output of 02.S03.07","design-handoff/05-screens/quick-review/analysis/08.json","TODO","AI","",""
"02.S03.09","S03 Analyze shadows","02.S03.08","Output of 02.S03.08","design-handoff/05-screens/quick-review/analysis/09.json","TODO","AI","",""
"02.S03.10","S03 Classify visuals and icons","02.S03.09","Output of 02.S03.09","design-handoff/05-screens/quick-review/analysis/10.json","TODO","AI","",""
"02.S03.11","S03 Identify reusable components","02.S03.10","Output of 02.S03.10","design-handoff/05-screens/quick-review/analysis/11.json","TODO","AI","",""
"02.S03.12","S03 Capture displayed content","02.S03.11","Output of 02.S03.11","design-handoff/05-screens/quick-review/analysis/12.json","TODO","AI","",""
"02.S03.13","S03 Identify visible state","02.S03.12","Output of 02.S03.12","design-handoff/05-screens/quick-review/analysis/13.json","TODO","AI","",""
"02.S03.14","S03 Record unknowns","02.S03.13","Output of 02.S03.13","design-handoff/05-screens/quick-review/analysis/14.json","TODO","AI","",""
"02.S03.15","S03 Assemble screen specification","02.S03.14","Output of 02.S03.14","design-handoff/05-screens/quick-review/analysis/15.json","TODO","AI","",""
"02.S03.16","S03 Validate screen analysis","02.S03.15","Output of 02.S03.15","design-handoff/05-screens/quick-review/analysis/16.json","TODO","AI","",""
"02.S04.01","S04 Identify main regions","01.08","Output of 01.08","design-handoff/05-screens/daily-challenge/analysis/01.json","TODO","AI","",""
"02.S04.02","S04 Identify layers","02.S04.01","Output of 02.S04.01","design-handoff/05-screens/daily-challenge/analysis/02.json","TODO","AI","",""
"02.S04.03","S04 Determine stacking order","02.S04.02","Output of 02.S04.02","design-handoff/05-screens/daily-challenge/analysis/03.json","TODO","AI","",""
"02.S04.04","S04 Measure bounding boxes","02.S04.03","Output of 02.S04.03","design-handoff/05-screens/daily-challenge/analysis/04.json","TODO","AI","",""
"02.S04.05","S04 Measure spacing","02.S04.04","Output of 02.S04.04","design-handoff/05-screens/daily-challenge/analysis/05.json","TODO","AI","",""
"02.S04.06","S04 Analyze colors","02.S04.05","Output of 02.S04.05","design-handoff/05-screens/daily-challenge/analysis/06.json","TODO","AI","",""
"02.S04.07","S04 Analyze typography","02.S04.06","Output of 02.S04.06","design-handoff/05-screens/daily-challenge/analysis/07.json","TODO","AI","",""
"02.S04.08","S04 Analyze radii","02.S04.07","Output of 02.S04.07","design-handoff/05-screens/daily-challenge/analysis/08.json","TODO","AI","",""
"02.S04.09","S04 Analyze shadows","02.S04.08","Output of 02.S04.08","design-handoff/05-screens/daily-challenge/analysis/09.json","TODO","AI","",""
"02.S04.10","S04 Classify visuals and icons","02.S04.09","Output of 02.S04.09","design-handoff/05-screens/daily-challenge/analysis/10.json","TODO","AI","",""
"02.S04.11","S04 Identify reusable components","02.S04.10","Output of 02.S04.10","design-handoff/05-screens/daily-challenge/analysis/11.json","TODO","AI","",""
"02.S04.12","S04 Capture displayed content","02.S04.11","Output of 02.S04.11","design-handoff/05-screens/daily-challenge/analysis/12.json","TODO","AI","",""
"02.S04.13","S04 Identify visible state","02.S04.12","Output of 02.S04.12","design-handoff/05-screens/daily-challenge/analysis/13.json","TODO","AI","",""
"02.S04.14","S04 Record unknowns","02.S04.13","Output of 02.S04.13","design-handoff/05-screens/daily-challenge/analysis/14.json","TODO","AI","",""
"02.S04.15","S04 Assemble screen specification","02.S04.14","Output of 02.S04.14","design-handoff/05-screens/daily-challenge/analysis/15.json","TODO","AI","",""
"02.S04.16","S04 Validate screen analysis","02.S04.15","Output of 02.S04.15","design-handoff/05-screens/daily-challenge/analysis/16.json","TODO","AI","",""
"02.S05.01","S05 Identify main regions","01.08","Output of 01.08","design-handoff/05-screens/unit-complete/analysis/01.json","TODO","AI","",""
"02.S05.02","S05 Identify layers","02.S05.01","Output of 02.S05.01","design-handoff/05-screens/unit-complete/analysis/02.json","TODO","AI","",""
"02.S05.03","S05 Determine stacking order","02.S05.02","Output of 02.S05.02","design-handoff/05-screens/unit-complete/analysis/03.json","TODO","AI","",""
"02.S05.04","S05 Measure bounding boxes","02.S05.03","Output of 02.S05.03","design-handoff/05-screens/unit-complete/analysis/04.json","TODO","AI","",""
"02.S05.05","S05 Measure spacing","02.S05.04","Output of 02.S05.04","design-handoff/05-screens/unit-complete/analysis/05.json","TODO","AI","",""
"02.S05.06","S05 Analyze colors","02.S05.05","Output of 02.S05.05","design-handoff/05-screens/unit-complete/analysis/06.json","TODO","AI","",""
"02.S05.07","S05 Analyze typography","02.S05.06","Output of 02.S05.06","design-handoff/05-screens/unit-complete/analysis/07.json","TODO","AI","",""
"02.S05.08","S05 Analyze radii","02.S05.07","Output of 02.S05.07","design-handoff/05-screens/unit-complete/analysis/08.json","TODO","AI","",""
"02.S05.09","S05 Analyze shadows","02.S05.08","Output of 02.S05.08","design-handoff/05-screens/unit-complete/analysis/09.json","TODO","AI","",""
"02.S05.10","S05 Classify visuals and icons","02.S05.09","Output of 02.S05.09","design-handoff/05-screens/unit-complete/analysis/10.json","TODO","AI","",""
"02.S05.11","S05 Identify reusable components","02.S05.10","Output of 02.S05.10","design-handoff/05-screens/unit-complete/analysis/11.json","TODO","AI","",""
"02.S05.12","S05 Capture displayed content","02.S05.11","Output of 02.S05.11","design-handoff/05-screens/unit-complete/analysis/12.json","TODO","AI","",""
"02.S05.13","S05 Identify visible state","02.S05.12","Output of 02.S05.12","design-handoff/05-screens/unit-complete/analysis/13.json","TODO","AI","",""
"02.S05.14","S05 Record unknowns","02.S05.13","Output of 02.S05.13","design-handoff/05-screens/unit-complete/analysis/14.json","TODO","AI","",""
"02.S05.15","S05 Assemble screen specification","02.S05.14","Output of 02.S05.14","design-handoff/05-screens/unit-complete/analysis/15.json","TODO","AI","",""
"02.S05.16","S05 Validate screen analysis","02.S05.15","Output of 02.S05.15","design-handoff/05-screens/unit-complete/analysis/16.json","TODO","AI","",""
"02.S06.01","S06 Identify main regions","01.08","Output of 01.08","design-handoff/05-screens/my-words/analysis/01.json","TODO","AI","",""
"02.S06.02","S06 Identify layers","02.S06.01","Output of 02.S06.01","design-handoff/05-screens/my-words/analysis/02.json","TODO","AI","",""
"02.S06.03","S06 Determine stacking order","02.S06.02","Output of 02.S06.02","design-handoff/05-screens/my-words/analysis/03.json","TODO","AI","",""
"02.S06.04","S06 Measure bounding boxes","02.S06.03","Output of 02.S06.03","design-handoff/05-screens/my-words/analysis/04.json","TODO","AI","",""
"02.S06.05","S06 Measure spacing","02.S06.04","Output of 02.S06.04","design-handoff/05-screens/my-words/analysis/05.json","TODO","AI","",""
"02.S06.06","S06 Analyze colors","02.S06.05","Output of 02.S06.05","design-handoff/05-screens/my-words/analysis/06.json","TODO","AI","",""
"02.S06.07","S06 Analyze typography","02.S06.06","Output of 02.S06.06","design-handoff/05-screens/my-words/analysis/07.json","TODO","AI","",""
"02.S06.08","S06 Analyze radii","02.S06.07","Output of 02.S06.07","design-handoff/05-screens/my-words/analysis/08.json","TODO","AI","",""
"02.S06.09","S06 Analyze shadows","02.S06.08","Output of 02.S06.08","design-handoff/05-screens/my-words/analysis/09.json","TODO","AI","",""
"02.S06.10","S06 Classify visuals and icons","02.S06.09","Output of 02.S06.09","design-handoff/05-screens/my-words/analysis/10.json","TODO","AI","",""
"02.S06.11","S06 Identify reusable components","02.S06.10","Output of 02.S06.10","design-handoff/05-screens/my-words/analysis/11.json","TODO","AI","",""
"02.S06.12","S06 Capture displayed content","02.S06.11","Output of 02.S06.11","design-handoff/05-screens/my-words/analysis/12.json","TODO","AI","",""
"02.S06.13","S06 Identify visible state","02.S06.12","Output of 02.S06.12","design-handoff/05-screens/my-words/analysis/13.json","TODO","AI","",""
"02.S06.14","S06 Record unknowns","02.S06.13","Output of 02.S06.13","design-handoff/05-screens/my-words/analysis/14.json","TODO","AI","",""
"02.S06.15","S06 Assemble screen specification","02.S06.14","Output of 02.S06.14","design-handoff/05-screens/my-words/analysis/15.json","TODO","AI","",""
"02.S06.16","S06 Validate screen analysis","02.S06.15","Output of 02.S06.15","design-handoff/05-screens/my-words/analysis/16.json","TODO","AI","",""
"02.S07.01","S07 Identify main regions","01.08","Output of 01.08","design-handoff/05-screens/achievements/analysis/01.json","TODO","AI","",""
"02.S07.02","S07 Identify layers","02.S07.01","Output of 02.S07.01","design-handoff/05-screens/achievements/analysis/02.json","TODO","AI","",""
"02.S07.03","S07 Determine stacking order","02.S07.02","Output of 02.S07.02","design-handoff/05-screens/achievements/analysis/03.json","TODO","AI","",""
"02.S07.04","S07 Measure bounding boxes","02.S07.03","Output of 02.S07.03","design-handoff/05-screens/achievements/analysis/04.json","TODO","AI","",""
"02.S07.05","S07 Measure spacing","02.S07.04","Output of 02.S07.04","design-handoff/05-screens/achievements/analysis/05.json","TODO","AI","",""
"02.S07.06","S07 Analyze colors","02.S07.05","Output of 02.S07.05","design-handoff/05-screens/achievements/analysis/06.json","TODO","AI","",""
"02.S07.07","S07 Analyze typography","02.S07.06","Output of 02.S07.06","design-handoff/05-screens/achievements/analysis/07.json","TODO","AI","",""
"02.S07.08","S07 Analyze radii","02.S07.07","Output of 02.S07.07","design-handoff/05-screens/achievements/analysis/08.json","TODO","AI","",""
"02.S07.09","S07 Analyze shadows","02.S07.08","Output of 02.S07.08","design-handoff/05-screens/achievements/analysis/09.json","TODO","AI","",""
"02.S07.10","S07 Classify visuals and icons","02.S07.09","Output of 02.S07.09","design-handoff/05-screens/achievements/analysis/10.json","TODO","AI","",""
"02.S07.11","S07 Identify reusable components","02.S07.10","Output of 02.S07.10","design-handoff/05-screens/achievements/analysis/11.json","TODO","AI","",""
"02.S07.12","S07 Capture displayed content","02.S07.11","Output of 02.S07.11","design-handoff/05-screens/achievements/analysis/12.json","TODO","AI","",""
"02.S07.13","S07 Identify visible state","02.S07.12","Output of 02.S07.12","design-handoff/05-screens/achievements/analysis/13.json","TODO","AI","",""
"02.S07.14","S07 Record unknowns","02.S07.13","Output of 02.S07.13","design-handoff/05-screens/achievements/analysis/14.json","TODO","AI","",""
"02.S07.15","S07 Assemble screen specification","02.S07.14","Output of 02.S07.14","design-handoff/05-screens/achievements/analysis/15.json","TODO","AI","",""
"02.S07.16","S07 Validate screen analysis","02.S07.15","Output of 02.S07.15","design-handoff/05-screens/achievements/analysis/16.json","TODO","AI","",""
"02.S08.01","S08 Identify main regions","01.08","Output of 01.08","design-handoff/05-screens/my-stuff/analysis/01.json","TODO","AI","",""
"02.S08.02","S08 Identify layers","02.S08.01","Output of 02.S08.01","design-handoff/05-screens/my-stuff/analysis/02.json","TODO","AI","",""
"02.S08.03","S08 Determine stacking order","02.S08.02","Output of 02.S08.02","design-handoff/05-screens/my-stuff/analysis/03.json","TODO","AI","",""
"02.S08.04","S08 Measure bounding boxes","02.S08.03","Output of 02.S08.03","design-handoff/05-screens/my-stuff/analysis/04.json","TODO","AI","",""
"02.S08.05","S08 Measure spacing","02.S08.04","Output of 02.S08.04","design-handoff/05-screens/my-stuff/analysis/05.json","TODO","AI","",""
"02.S08.06","S08 Analyze colors","02.S08.05","Output of 02.S08.05","design-handoff/05-screens/my-stuff/analysis/06.json","TODO","AI","",""
"02.S08.07","S08 Analyze typography","02.S08.06","Output of 02.S08.06","design-handoff/05-screens/my-stuff/analysis/07.json","TODO","AI","",""
"02.S08.08","S08 Analyze radii","02.S08.07","Output of 02.S08.07","design-handoff/05-screens/my-stuff/analysis/08.json","TODO","AI","",""
"02.S08.09","S08 Analyze shadows","02.S08.08","Output of 02.S08.08","design-handoff/05-screens/my-stuff/analysis/09.json","TODO","AI","",""
"02.S08.10","S08 Classify visuals and icons","02.S08.09","Output of 02.S08.09","design-handoff/05-screens/my-stuff/analysis/10.json","TODO","AI","",""
"02.S08.11","S08 Identify reusable components","02.S08.10","Output of 02.S08.10","design-handoff/05-screens/my-stuff/analysis/11.json","TODO","AI","",""
"02.S08.12","S08 Capture displayed content","02.S08.11","Output of 02.S08.11","design-handoff/05-screens/my-stuff/analysis/12.json","TODO","AI","",""
"02.S08.13","S08 Identify visible state","02.S08.12","Output of 02.S08.12","design-handoff/05-screens/my-stuff/analysis/13.json","TODO","AI","",""
"02.S08.14","S08 Record unknowns","02.S08.13","Output of 02.S08.13","design-handoff/05-screens/my-stuff/analysis/14.json","TODO","AI","",""
"02.S08.15","S08 Assemble screen specification","02.S08.14","Output of 02.S08.14","design-handoff/05-screens/my-stuff/analysis/15.json","TODO","AI","",""
"02.S08.16","S08 Validate screen analysis","02.S08.15","Output of 02.S08.15","design-handoff/05-screens/my-stuff/analysis/16.json","TODO","AI","",""
"02.S09.01","S09 Identify main regions","01.08","Output of 01.08","design-handoff/05-screens/onboarding/analysis/01.json","TODO","AI","",""
"02.S09.02","S09 Identify layers","02.S09.01","Output of 02.S09.01","design-handoff/05-screens/onboarding/analysis/02.json","TODO","AI","",""
"02.S09.03","S09 Determine stacking order","02.S09.02","Output of 02.S09.02","design-handoff/05-screens/onboarding/analysis/03.json","TODO","AI","",""
"02.S09.04","S09 Measure bounding boxes","02.S09.03","Output of 02.S09.03","design-handoff/05-screens/onboarding/analysis/04.json","TODO","AI","",""
"02.S09.05","S09 Measure spacing","02.S09.04","Output of 02.S09.04","design-handoff/05-screens/onboarding/analysis/05.json","TODO","AI","",""
"02.S09.06","S09 Analyze colors","02.S09.05","Output of 02.S09.05","design-handoff/05-screens/onboarding/analysis/06.json","TODO","AI","",""
"02.S09.07","S09 Analyze typography","02.S09.06","Output of 02.S09.06","design-handoff/05-screens/onboarding/analysis/07.json","TODO","AI","",""
"02.S09.08","S09 Analyze radii","02.S09.07","Output of 02.S09.07","design-handoff/05-screens/onboarding/analysis/08.json","TODO","AI","",""
"02.S09.09","S09 Analyze shadows","02.S09.08","Output of 02.S09.08","design-handoff/05-screens/onboarding/analysis/09.json","TODO","AI","",""
"02.S09.10","S09 Classify visuals and icons","02.S09.09","Output of 02.S09.09","design-handoff/05-screens/onboarding/analysis/10.json","TODO","AI","",""
"02.S09.11","S09 Identify reusable components","02.S09.10","Output of 02.S09.10","design-handoff/05-screens/onboarding/analysis/11.json","TODO","AI","",""
"02.S09.12","S09 Capture displayed content","02.S09.11","Output of 02.S09.11","design-handoff/05-screens/onboarding/analysis/12.json","TODO","AI","",""
"02.S09.13","S09 Identify visible state","02.S09.12","Output of 02.S09.12","design-handoff/05-screens/onboarding/analysis/13.json","TODO","AI","",""
"02.S09.14","S09 Record unknowns","02.S09.13","Output of 02.S09.13","design-handoff/05-screens/onboarding/analysis/14.json","TODO","AI","",""
"02.S09.15","S09 Assemble screen specification","02.S09.14","Output of 02.S09.14","design-handoff/05-screens/onboarding/analysis/15.json","TODO","AI","",""
"02.S09.16","S09 Validate screen analysis","02.S09.15","Output of 02.S09.15","design-handoff/05-screens/onboarding/analysis/16.json","TODO","AI","",""
"02.S10.01","S10 Identify main regions","01.08","Output of 01.08","design-handoff/05-screens/learning-guard/analysis/01.json","TODO","AI","",""
"02.S10.02","S10 Identify layers","02.S10.01","Output of 02.S10.01","design-handoff/05-screens/learning-guard/analysis/02.json","TODO","AI","",""
"02.S10.03","S10 Determine stacking order","02.S10.02","Output of 02.S10.02","design-handoff/05-screens/learning-guard/analysis/03.json","TODO","AI","",""
"02.S10.04","S10 Measure bounding boxes","02.S10.03","Output of 02.S10.03","design-handoff/05-screens/learning-guard/analysis/04.json","TODO","AI","",""
"02.S10.05","S10 Measure spacing","02.S10.04","Output of 02.S10.04","design-handoff/05-screens/learning-guard/analysis/05.json","TODO","AI","",""
"02.S10.06","S10 Analyze colors","02.S10.05","Output of 02.S10.05","design-handoff/05-screens/learning-guard/analysis/06.json","TODO","AI","",""
"02.S10.07","S10 Analyze typography","02.S10.06","Output of 02.S10.06","design-handoff/05-screens/learning-guard/analysis/07.json","TODO","AI","",""
"02.S10.08","S10 Analyze radii","02.S10.07","Output of 02.S10.07","design-handoff/05-screens/learning-guard/analysis/08.json","TODO","AI","",""
"02.S10.09","S10 Analyze shadows","02.S10.08","Output of 02.S10.08","design-handoff/05-screens/learning-guard/analysis/09.json","TODO","AI","",""
"02.S10.10","S10 Classify visuals and icons","02.S10.09","Output of 02.S10.09","design-handoff/05-screens/learning-guard/analysis/10.json","TODO","AI","",""
"02.S10.11","S10 Identify reusable components","02.S10.10","Output of 02.S10.10","design-handoff/05-screens/learning-guard/analysis/11.json","TODO","AI","",""
"02.S10.12","S10 Capture displayed content","02.S10.11","Output of 02.S10.11","design-handoff/05-screens/learning-guard/analysis/12.json","TODO","AI","",""
"02.S10.13","S10 Identify visible state","02.S10.12","Output of 02.S10.12","design-handoff/05-screens/learning-guard/analysis/13.json","TODO","AI","",""
"02.S10.14","S10 Record unknowns","02.S10.13","Output of 02.S10.13","design-handoff/05-screens/learning-guard/analysis/14.json","TODO","AI","",""
"02.S10.15","S10 Assemble screen specification","02.S10.14","Output of 02.S10.14","design-handoff/05-screens/learning-guard/analysis/15.json","TODO","AI","",""
"02.S10.16","S10 Validate screen analysis","02.S10.15","Output of 02.S10.15","design-handoff/05-screens/learning-guard/analysis/16.json","TODO","AI","",""
"02.S11.01","S11 Identify main regions","01.08","Output of 01.08","design-handoff/05-screens/offline-download/analysis/01.json","TODO","AI","",""
"02.S11.02","S11 Identify layers","02.S11.01","Output of 02.S11.01","design-handoff/05-screens/offline-download/analysis/02.json","TODO","AI","",""
"02.S11.03","S11 Determine stacking order","02.S11.02","Output of 02.S11.02","design-handoff/05-screens/offline-download/analysis/03.json","TODO","AI","",""
"02.S11.04","S11 Measure bounding boxes","02.S11.03","Output of 02.S11.03","design-handoff/05-screens/offline-download/analysis/04.json","TODO","AI","",""
"02.S11.05","S11 Measure spacing","02.S11.04","Output of 02.S11.04","design-handoff/05-screens/offline-download/analysis/05.json","TODO","AI","",""
"02.S11.06","S11 Analyze colors","02.S11.05","Output of 02.S11.05","design-handoff/05-screens/offline-download/analysis/06.json","TODO","AI","",""
"02.S11.07","S11 Analyze typography","02.S11.06","Output of 02.S11.06","design-handoff/05-screens/offline-download/analysis/07.json","TODO","AI","",""
"02.S11.08","S11 Analyze radii","02.S11.07","Output of 02.S11.07","design-handoff/05-screens/offline-download/analysis/08.json","TODO","AI","",""
"02.S11.09","S11 Analyze shadows","02.S11.08","Output of 02.S11.08","design-handoff/05-screens/offline-download/analysis/09.json","TODO","AI","",""
"02.S11.10","S11 Classify visuals and icons","02.S11.09","Output of 02.S11.09","design-handoff/05-screens/offline-download/analysis/10.json","TODO","AI","",""
"02.S11.11","S11 Identify reusable components","02.S11.10","Output of 02.S11.10","design-handoff/05-screens/offline-download/analysis/11.json","TODO","AI","",""
"02.S11.12","S11 Capture displayed content","02.S11.11","Output of 02.S11.11","design-handoff/05-screens/offline-download/analysis/12.json","TODO","AI","",""
"02.S11.13","S11 Identify visible state","02.S11.12","Output of 02.S11.12","design-handoff/05-screens/offline-download/analysis/13.json","TODO","AI","",""
"02.S11.14","S11 Record unknowns","02.S11.13","Output of 02.S11.13","design-handoff/05-screens/offline-download/analysis/14.json","TODO","AI","",""
"02.S11.15","S11 Assemble screen specification","02.S11.14","Output of 02.S11.14","design-handoff/05-screens/offline-download/analysis/15.json","TODO","AI","",""
"02.S11.16","S11 Validate screen analysis","02.S11.15","Output of 02.S11.15","design-handoff/05-screens/offline-download/analysis/16.json","TODO","AI","",""
"02.S12.01","S12 Identify main regions","01.08","Output of 01.08","design-handoff/05-screens/progress-map/analysis/01.json","TODO","AI","",""
"02.S12.02","S12 Identify layers","02.S12.01","Output of 02.S12.01","design-handoff/05-screens/progress-map/analysis/02.json","TODO","AI","",""
"02.S12.03","S12 Determine stacking order","02.S12.02","Output of 02.S12.02","design-handoff/05-screens/progress-map/analysis/03.json","TODO","AI","",""
"02.S12.04","S12 Measure bounding boxes","02.S12.03","Output of 02.S12.03","design-handoff/05-screens/progress-map/analysis/04.json","TODO","AI","",""
"02.S12.05","S12 Measure spacing","02.S12.04","Output of 02.S12.04","design-handoff/05-screens/progress-map/analysis/05.json","TODO","AI","",""
"02.S12.06","S12 Analyze colors","02.S12.05","Output of 02.S12.05","design-handoff/05-screens/progress-map/analysis/06.json","TODO","AI","",""
"02.S12.07","S12 Analyze typography","02.S12.06","Output of 02.S12.06","design-handoff/05-screens/progress-map/analysis/07.json","TODO","AI","",""
"02.S12.08","S12 Analyze radii","02.S12.07","Output of 02.S12.07","design-handoff/05-screens/progress-map/analysis/08.json","TODO","AI","",""
"02.S12.09","S12 Analyze shadows","02.S12.08","Output of 02.S12.08","design-handoff/05-screens/progress-map/analysis/09.json","TODO","AI","",""
"02.S12.10","S12 Classify visuals and icons","02.S12.09","Output of 02.S12.09","design-handoff/05-screens/progress-map/analysis/10.json","TODO","AI","",""
"02.S12.11","S12 Identify reusable components","02.S12.10","Output of 02.S12.10","design-handoff/05-screens/progress-map/analysis/11.json","TODO","AI","",""
"02.S12.12","S12 Capture displayed content","02.S12.11","Output of 02.S12.11","design-handoff/05-screens/progress-map/analysis/12.json","TODO","AI","",""
"02.S12.13","S12 Identify visible state","02.S12.12","Output of 02.S12.12","design-handoff/05-screens/progress-map/analysis/13.json","TODO","AI","",""
"02.S12.14","S12 Record unknowns","02.S12.13","Output of 02.S12.13","design-handoff/05-screens/progress-map/analysis/14.json","TODO","AI","",""
"02.S12.15","S12 Assemble screen specification","02.S12.14","Output of 02.S12.14","design-handoff/05-screens/progress-map/analysis/15.json","TODO","AI","",""
"02.S12.16","S12 Validate screen analysis","02.S12.15","Output of 02.S12.15","design-handoff/05-screens/progress-map/analysis/16.json","TODO","AI","",""
"02.S13.01","S13 Identify main regions","01.08","Output of 01.08","design-handoff/05-screens/settings/analysis/01.json","TODO","AI","",""
"02.S13.02","S13 Identify layers","02.S13.01","Output of 02.S13.01","design-handoff/05-screens/settings/analysis/02.json","TODO","AI","",""
"02.S13.03","S13 Determine stacking order","02.S13.02","Output of 02.S13.02","design-handoff/05-screens/settings/analysis/03.json","TODO","AI","",""
"02.S13.04","S13 Measure bounding boxes","02.S13.03","Output of 02.S13.03","design-handoff/05-screens/settings/analysis/04.json","TODO","AI","",""
"02.S13.05","S13 Measure spacing","02.S13.04","Output of 02.S13.04","design-handoff/05-screens/settings/analysis/05.json","TODO","AI","",""
"02.S13.06","S13 Analyze colors","02.S13.05","Output of 02.S13.05","design-handoff/05-screens/settings/analysis/06.json","TODO","AI","",""
"02.S13.07","S13 Analyze typography","02.S13.06","Output of 02.S13.06","design-handoff/05-screens/settings/analysis/07.json","TODO","AI","",""
"02.S13.08","S13 Analyze radii","02.S13.07","Output of 02.S13.07","design-handoff/05-screens/settings/analysis/08.json","TODO","AI","",""
"02.S13.09","S13 Analyze shadows","02.S13.08","Output of 02.S13.08","design-handoff/05-screens/settings/analysis/09.json","TODO","AI","",""
"02.S13.10","S13 Classify visuals and icons","02.S13.09","Output of 02.S13.09","design-handoff/05-screens/settings/analysis/10.json","TODO","AI","",""
"02.S13.11","S13 Identify reusable components","02.S13.10","Output of 02.S13.10","design-handoff/05-screens/settings/analysis/11.json","TODO","AI","",""
"02.S13.12","S13 Capture displayed content","02.S13.11","Output of 02.S13.11","design-handoff/05-screens/settings/analysis/12.json","TODO","AI","",""
"02.S13.13","S13 Identify visible state","02.S13.12","Output of 02.S13.12","design-handoff/05-screens/settings/analysis/13.json","TODO","AI","",""
"02.S13.14","S13 Record unknowns","02.S13.13","Output of 02.S13.13","design-handoff/05-screens/settings/analysis/14.json","TODO","AI","",""
"02.S13.15","S13 Assemble screen specification","02.S13.14","Output of 02.S13.14","design-handoff/05-screens/settings/analysis/15.json","TODO","AI","",""
"02.S13.16","S13 Validate screen analysis","02.S13.15","Output of 02.S13.15","design-handoff/05-screens/settings/analysis/16.json","TODO","AI","",""
"04.AXXX.01","Asset template: Identify source region","04.10","Output of 04.10","design-handoff/03-assets/{asset_id}/01","TODO","AI","",""
"04.AXXX.02","Asset template: Assess direct extraction","04.AXXX.01","Output of 04.AXXX.01","design-handoff/03-assets/{asset_id}/02","TODO","AI","",""
"04.AXXX.03","Asset template: Extract or reconstruct asset","04.AXXX.02","Output of 04.AXXX.02","design-handoff/03-assets/{asset_id}/03","TODO","AI","",""
"04.AXXX.04","Asset template: Check transparency","04.AXXX.03","Output of 04.AXXX.03","design-handoff/03-assets/{asset_id}/04","TODO","AI","",""
"04.AXXX.05","Asset template: Inspect edges and details","04.AXXX.04","Output of 04.AXXX.04","design-handoff/03-assets/{asset_id}/05","TODO","AI","",""
"04.AXXX.06","Asset template: Verify resolution","04.AXXX.05","Output of 04.AXXX.05","design-handoff/03-assets/{asset_id}/06","TODO","AI","",""
"04.AXXX.07","Asset template: Optimize file size","04.AXXX.06","Output of 04.AXXX.06","design-handoff/03-assets/{asset_id}/07","TODO","AI","",""
"04.AXXX.08","Asset template: Compare with mockup","04.AXXX.07","Output of 04.AXXX.07","design-handoff/03-assets/{asset_id}/08","TODO","AI","",""
"04.AXXX.09","Asset template: Approve asset","04.AXXX.08","Output of 04.AXXX.08","design-handoff/03-assets/{asset_id}/09","TODO","Owner","",""
"04.AXXX.10","Asset template: Update asset manifest","04.AXXX.09","Output of 04.AXXX.09","design-handoff/03-assets/{asset_id}/10","TODO","AI","",""
"05.CXXX.01","Component template: Select reference image","05.07","Output of 05.07","design-handoff/04-components/{component_id}/01","TODO","AI","",""
"05.CXXX.02","Component template: Specify dimensions","05.CXXX.01","Output of 05.CXXX.01","design-handoff/04-components/{component_id}/02","TODO","AI","",""
"05.CXXX.03","Component template: Specify layout","05.CXXX.02","Output of 05.CXXX.02","design-handoff/04-components/{component_id}/03","TODO","AI","",""
"05.CXXX.04","Component template: Map design tokens","05.CXXX.03","Output of 05.CXXX.03","design-handoff/04-components/{component_id}/04","TODO","AI","",""
"05.CXXX.05","Component template: Map assets","05.CXXX.04","Output of 05.CXXX.04","design-handoff/04-components/{component_id}/05","TODO","AI","",""
"05.CXXX.06","Component template: Define props","05.CXXX.05","Output of 05.CXXX.05","design-handoff/04-components/{component_id}/06","TODO","AI","",""
"05.CXXX.07","Component template: Define variants","05.CXXX.06","Output of 05.CXXX.06","design-handoff/04-components/{component_id}/07","TODO","AI","",""
"05.CXXX.08","Component template: Define interactions","05.CXXX.07","Output of 05.CXXX.07","design-handoff/04-components/{component_id}/08","TODO","AI","",""
"05.CXXX.09","Component template: Specify accessibility","05.CXXX.08","Output of 05.CXXX.08","design-handoff/04-components/{component_id}/09","TODO","AI","",""
"05.CXXX.10","Component template: Specify responsive behavior","05.CXXX.09","Output of 05.CXXX.09","design-handoff/04-components/{component_id}/10","TODO","AI","",""
"05.CXXX.11","Component template: Write acceptance criteria","05.CXXX.10","Output of 05.CXXX.10","design-handoff/04-components/{component_id}/11","TODO","AI","",""
"05.CXXX.12","Component template: Validate specification","05.CXXX.11","Output of 05.CXXX.11","design-handoff/04-components/{component_id}/12","TODO","AI","",""
"08.S02.01","S02 Figma: Validate screen specification","07.44","Output of 07.44","design-handoff/07-figma/lesson-detail/01","TODO","AI","",""
"08.S02.02","S02 Figma: Validate assets","08.S02.01","Output of 08.S02.01","design-handoff/07-figma/lesson-detail/02","TODO","AI","",""
"08.S02.03","S02 Figma: Validate component dependencies","08.S02.02","Output of 08.S02.02","design-handoff/07-figma/lesson-detail/03","TODO","AI","",""
"08.S02.04","S02 Figma: Create Figma frame","08.S02.03","Output of 08.S02.03","design-handoff/07-figma/lesson-detail/04","TODO","AI","",""
"08.S02.05","S02 Figma: Place reference","08.S02.04","Output of 08.S02.04","design-handoff/07-figma/lesson-detail/05","TODO","AI","",""
"08.S02.06","S02 Figma: Build layout","08.S02.05","Output of 08.S02.05","design-handoff/07-figma/lesson-detail/06","TODO","AI","",""
"08.S02.07","S02 Figma: Place assets","08.S02.06","Output of 08.S02.06","design-handoff/07-figma/lesson-detail/07","TODO","AI","",""
"08.S02.08","S02 Figma: Apply typography","08.S02.07","Output of 08.S02.07","design-handoff/07-figma/lesson-detail/08","TODO","AI","",""
"08.S02.09","S02 Figma: Apply tokens","08.S02.08","Output of 08.S02.08","design-handoff/07-figma/lesson-detail/09","TODO","AI","",""
"08.S02.10","S02 Figma: Build variants","08.S02.09","Output of 08.S02.09","design-handoff/07-figma/lesson-detail/10","TODO","AI","",""
"08.S02.11","S02 Figma: Check alignment","08.S02.10","Output of 08.S02.10","design-handoff/07-figma/lesson-detail/11","TODO","AI","",""
"08.S02.12","S02 Figma: Export screenshot","08.S02.11","Output of 08.S02.11","design-handoff/07-figma/lesson-detail/12","TODO","AI","",""
"08.S02.13","S02 Figma: Compare mockup","08.S02.12","Output of 08.S02.12","design-handoff/07-figma/lesson-detail/13","TODO","AI","",""
"08.S02.14","S02 Figma: Record defects","08.S02.13","Output of 08.S02.13","design-handoff/07-figma/lesson-detail/14","TODO","AI","",""
"08.S02.15","S02 Figma: Fix defects","08.S02.14","Output of 08.S02.14","design-handoff/07-figma/lesson-detail/15","TODO","AI","",""
"08.S02.16","S02 Figma: Revalidate","08.S02.15","Output of 08.S02.15","design-handoff/07-figma/lesson-detail/16","TODO","AI","",""
"08.S02.17","S02 Figma: Approve Figma screen","08.S02.16","Output of 08.S02.16","design-handoff/07-figma/lesson-detail/17","TODO","Owner","",""
"09.S02.01","S02 Code: Check Figma approval","08.S02.17","Output of 08.S02.17","design-handoff/09-visual-qa/lesson-detail/01","TODO","AI","",""
"09.S02.02","S02 Code: Create route","09.S02.01","Output of 09.S02.01","design-handoff/09-visual-qa/lesson-detail/02","TODO","AI","",""
"09.S02.03","S02 Code: Create screen shell","09.S02.02","Output of 09.S02.02","design-handoff/09-visual-qa/lesson-detail/03","TODO","AI","",""
"09.S02.04","S02 Code: Integrate shared components","09.S02.03","Output of 09.S02.03","design-handoff/09-visual-qa/lesson-detail/04","TODO","AI","",""
"09.S02.05","S02 Code: Integrate assets","09.S02.04","Output of 09.S02.04","design-handoff/09-visual-qa/lesson-detail/05","TODO","AI","",""
"09.S02.06","S02 Code: Apply layout","09.S02.05","Output of 09.S02.05","design-handoff/09-visual-qa/lesson-detail/06","TODO","AI","",""
"09.S02.07","S02 Code: Apply tokens","09.S02.06","Output of 09.S02.06","design-handoff/09-visual-qa/lesson-detail/07","TODO","AI","",""
"09.S02.08","S02 Code: Create mock data","09.S02.07","Output of 09.S02.07","design-handoff/09-visual-qa/lesson-detail/08","TODO","AI","",""
"09.S02.09","S02 Code: Check build","09.S02.08","Output of 09.S02.08","design-handoff/09-visual-qa/lesson-detail/09","TODO","AI","",""
"09.S02.10","S02 Code: Check runtime","09.S02.09","Output of 09.S02.09","design-handoff/09-visual-qa/lesson-detail/10","TODO","AI","",""
"09.S02.11","S02 Code: Check overflow","09.S02.10","Output of 09.S02.10","design-handoff/09-visual-qa/lesson-detail/11","TODO","AI","",""
"09.S02.12","S02 Code: Capture screenshot","09.S02.11","Output of 09.S02.11","design-handoff/09-visual-qa/lesson-detail/12","TODO","AI","",""
"09.S02.13","S02 Code: Compare reference","09.S02.12","Output of 09.S02.12","design-handoff/09-visual-qa/lesson-detail/13","TODO","AI","",""
"09.S02.14","S02 Code: Record visual defects","09.S02.13","Output of 09.S02.13","design-handoff/09-visual-qa/lesson-detail/14","TODO","AI","",""
"09.S02.15","S02 Code: Fix critical defects","09.S02.14","Output of 09.S02.14","design-handoff/09-visual-qa/lesson-detail/15","TODO","AI","",""
"09.S02.16","S02 Code: Fix high defects","09.S02.15","Output of 09.S02.15","design-handoff/09-visual-qa/lesson-detail/16","TODO","AI","",""
"09.S02.17","S02 Code: Fix medium defects","09.S02.16","Output of 09.S02.16","design-handoff/09-visual-qa/lesson-detail/17","TODO","AI","",""
"09.S02.18","S02 Code: Run visual regression","09.S02.17","Output of 09.S02.17","design-handoff/09-visual-qa/lesson-detail/18","TODO","AI","",""
"09.S02.19","S02 Code: Test responsive","09.S02.18","Output of 09.S02.18","design-handoff/09-visual-qa/lesson-detail/19","TODO","AI","",""
"09.S02.20","S02 Code: Test accessibility","09.S02.19","Output of 09.S02.19","design-handoff/09-visual-qa/lesson-detail/20","TODO","AI","",""
"09.S02.21","S02 Code: Create QA report","09.S02.20","Output of 09.S02.20","design-handoff/09-visual-qa/lesson-detail/21","TODO","AI","",""
"09.S02.22","S02 Code: Approve code screen","09.S02.21","Output of 09.S02.21","design-handoff/09-visual-qa/lesson-detail/22","TODO","Owner","",""
"08.S03.01","S03 Figma: Validate screen specification","07.44","Output of 07.44","design-handoff/07-figma/quick-review/01","TODO","AI","",""
"08.S03.02","S03 Figma: Validate assets","08.S03.01","Output of 08.S03.01","design-handoff/07-figma/quick-review/02","TODO","AI","",""
"08.S03.03","S03 Figma: Validate component dependencies","08.S03.02","Output of 08.S03.02","design-handoff/07-figma/quick-review/03","TODO","AI","",""
"08.S03.04","S03 Figma: Create Figma frame","08.S03.03","Output of 08.S03.03","design-handoff/07-figma/quick-review/04","TODO","AI","",""
"08.S03.05","S03 Figma: Place reference","08.S03.04","Output of 08.S03.04","design-handoff/07-figma/quick-review/05","TODO","AI","",""
"08.S03.06","S03 Figma: Build layout","08.S03.05","Output of 08.S03.05","design-handoff/07-figma/quick-review/06","TODO","AI","",""
"08.S03.07","S03 Figma: Place assets","08.S03.06","Output of 08.S03.06","design-handoff/07-figma/quick-review/07","TODO","AI","",""
"08.S03.08","S03 Figma: Apply typography","08.S03.07","Output of 08.S03.07","design-handoff/07-figma/quick-review/08","TODO","AI","",""
"08.S03.09","S03 Figma: Apply tokens","08.S03.08","Output of 08.S03.08","design-handoff/07-figma/quick-review/09","TODO","AI","",""
"08.S03.10","S03 Figma: Build variants","08.S03.09","Output of 08.S03.09","design-handoff/07-figma/quick-review/10","TODO","AI","",""
"08.S03.11","S03 Figma: Check alignment","08.S03.10","Output of 08.S03.10","design-handoff/07-figma/quick-review/11","TODO","AI","",""
"08.S03.12","S03 Figma: Export screenshot","08.S03.11","Output of 08.S03.11","design-handoff/07-figma/quick-review/12","TODO","AI","",""
"08.S03.13","S03 Figma: Compare mockup","08.S03.12","Output of 08.S03.12","design-handoff/07-figma/quick-review/13","TODO","AI","",""
"08.S03.14","S03 Figma: Record defects","08.S03.13","Output of 08.S03.13","design-handoff/07-figma/quick-review/14","TODO","AI","",""
"08.S03.15","S03 Figma: Fix defects","08.S03.14","Output of 08.S03.14","design-handoff/07-figma/quick-review/15","TODO","AI","",""
"08.S03.16","S03 Figma: Revalidate","08.S03.15","Output of 08.S03.15","design-handoff/07-figma/quick-review/16","TODO","AI","",""
"08.S03.17","S03 Figma: Approve Figma screen","08.S03.16","Output of 08.S03.16","design-handoff/07-figma/quick-review/17","TODO","Owner","",""
"09.S03.01","S03 Code: Check Figma approval","08.S03.17","Output of 08.S03.17","design-handoff/09-visual-qa/quick-review/01","TODO","AI","",""
"09.S03.02","S03 Code: Create route","09.S03.01","Output of 09.S03.01","design-handoff/09-visual-qa/quick-review/02","TODO","AI","",""
"09.S03.03","S03 Code: Create screen shell","09.S03.02","Output of 09.S03.02","design-handoff/09-visual-qa/quick-review/03","TODO","AI","",""
"09.S03.04","S03 Code: Integrate shared components","09.S03.03","Output of 09.S03.03","design-handoff/09-visual-qa/quick-review/04","TODO","AI","",""
"09.S03.05","S03 Code: Integrate assets","09.S03.04","Output of 09.S03.04","design-handoff/09-visual-qa/quick-review/05","TODO","AI","",""
"09.S03.06","S03 Code: Apply layout","09.S03.05","Output of 09.S03.05","design-handoff/09-visual-qa/quick-review/06","TODO","AI","",""
"09.S03.07","S03 Code: Apply tokens","09.S03.06","Output of 09.S03.06","design-handoff/09-visual-qa/quick-review/07","TODO","AI","",""
"09.S03.08","S03 Code: Create mock data","09.S03.07","Output of 09.S03.07","design-handoff/09-visual-qa/quick-review/08","TODO","AI","",""
"09.S03.09","S03 Code: Check build","09.S03.08","Output of 09.S03.08","design-handoff/09-visual-qa/quick-review/09","TODO","AI","",""
"09.S03.10","S03 Code: Check runtime","09.S03.09","Output of 09.S03.09","design-handoff/09-visual-qa/quick-review/10","TODO","AI","",""
"09.S03.11","S03 Code: Check overflow","09.S03.10","Output of 09.S03.10","design-handoff/09-visual-qa/quick-review/11","TODO","AI","",""
"09.S03.12","S03 Code: Capture screenshot","09.S03.11","Output of 09.S03.11","design-handoff/09-visual-qa/quick-review/12","TODO","AI","",""
"09.S03.13","S03 Code: Compare reference","09.S03.12","Output of 09.S03.12","design-handoff/09-visual-qa/quick-review/13","TODO","AI","",""
"09.S03.14","S03 Code: Record visual defects","09.S03.13","Output of 09.S03.13","design-handoff/09-visual-qa/quick-review/14","TODO","AI","",""
"09.S03.15","S03 Code: Fix critical defects","09.S03.14","Output of 09.S03.14","design-handoff/09-visual-qa/quick-review/15","TODO","AI","",""
"09.S03.16","S03 Code: Fix high defects","09.S03.15","Output of 09.S03.15","design-handoff/09-visual-qa/quick-review/16","TODO","AI","",""
"09.S03.17","S03 Code: Fix medium defects","09.S03.16","Output of 09.S03.16","design-handoff/09-visual-qa/quick-review/17","TODO","AI","",""
"09.S03.18","S03 Code: Run visual regression","09.S03.17","Output of 09.S03.17","design-handoff/09-visual-qa/quick-review/18","TODO","AI","",""
"09.S03.19","S03 Code: Test responsive","09.S03.18","Output of 09.S03.18","design-handoff/09-visual-qa/quick-review/19","TODO","AI","",""
"09.S03.20","S03 Code: Test accessibility","09.S03.19","Output of 09.S03.19","design-handoff/09-visual-qa/quick-review/20","TODO","AI","",""
"09.S03.21","S03 Code: Create QA report","09.S03.20","Output of 09.S03.20","design-handoff/09-visual-qa/quick-review/21","TODO","AI","",""
"09.S03.22","S03 Code: Approve code screen","09.S03.21","Output of 09.S03.21","design-handoff/09-visual-qa/quick-review/22","TODO","Owner","",""
"08.S04.01","S04 Figma: Validate screen specification","07.44","Output of 07.44","design-handoff/07-figma/daily-challenge/01","TODO","AI","",""
"08.S04.02","S04 Figma: Validate assets","08.S04.01","Output of 08.S04.01","design-handoff/07-figma/daily-challenge/02","TODO","AI","",""
"08.S04.03","S04 Figma: Validate component dependencies","08.S04.02","Output of 08.S04.02","design-handoff/07-figma/daily-challenge/03","TODO","AI","",""
"08.S04.04","S04 Figma: Create Figma frame","08.S04.03","Output of 08.S04.03","design-handoff/07-figma/daily-challenge/04","TODO","AI","",""
"08.S04.05","S04 Figma: Place reference","08.S04.04","Output of 08.S04.04","design-handoff/07-figma/daily-challenge/05","TODO","AI","",""
"08.S04.06","S04 Figma: Build layout","08.S04.05","Output of 08.S04.05","design-handoff/07-figma/daily-challenge/06","TODO","AI","",""
"08.S04.07","S04 Figma: Place assets","08.S04.06","Output of 08.S04.06","design-handoff/07-figma/daily-challenge/07","TODO","AI","",""
"08.S04.08","S04 Figma: Apply typography","08.S04.07","Output of 08.S04.07","design-handoff/07-figma/daily-challenge/08","TODO","AI","",""
"08.S04.09","S04 Figma: Apply tokens","08.S04.08","Output of 08.S04.08","design-handoff/07-figma/daily-challenge/09","TODO","AI","",""
"08.S04.10","S04 Figma: Build variants","08.S04.09","Output of 08.S04.09","design-handoff/07-figma/daily-challenge/10","TODO","AI","",""
"08.S04.11","S04 Figma: Check alignment","08.S04.10","Output of 08.S04.10","design-handoff/07-figma/daily-challenge/11","TODO","AI","",""
"08.S04.12","S04 Figma: Export screenshot","08.S04.11","Output of 08.S04.11","design-handoff/07-figma/daily-challenge/12","TODO","AI","",""
"08.S04.13","S04 Figma: Compare mockup","08.S04.12","Output of 08.S04.12","design-handoff/07-figma/daily-challenge/13","TODO","AI","",""
"08.S04.14","S04 Figma: Record defects","08.S04.13","Output of 08.S04.13","design-handoff/07-figma/daily-challenge/14","TODO","AI","",""
"08.S04.15","S04 Figma: Fix defects","08.S04.14","Output of 08.S04.14","design-handoff/07-figma/daily-challenge/15","TODO","AI","",""
"08.S04.16","S04 Figma: Revalidate","08.S04.15","Output of 08.S04.15","design-handoff/07-figma/daily-challenge/16","TODO","AI","",""
"08.S04.17","S04 Figma: Approve Figma screen","08.S04.16","Output of 08.S04.16","design-handoff/07-figma/daily-challenge/17","TODO","Owner","",""
"09.S04.01","S04 Code: Check Figma approval","08.S04.17","Output of 08.S04.17","design-handoff/09-visual-qa/daily-challenge/01","TODO","AI","",""
"09.S04.02","S04 Code: Create route","09.S04.01","Output of 09.S04.01","design-handoff/09-visual-qa/daily-challenge/02","TODO","AI","",""
"09.S04.03","S04 Code: Create screen shell","09.S04.02","Output of 09.S04.02","design-handoff/09-visual-qa/daily-challenge/03","TODO","AI","",""
"09.S04.04","S04 Code: Integrate shared components","09.S04.03","Output of 09.S04.03","design-handoff/09-visual-qa/daily-challenge/04","TODO","AI","",""
"09.S04.05","S04 Code: Integrate assets","09.S04.04","Output of 09.S04.04","design-handoff/09-visual-qa/daily-challenge/05","TODO","AI","",""
"09.S04.06","S04 Code: Apply layout","09.S04.05","Output of 09.S04.05","design-handoff/09-visual-qa/daily-challenge/06","TODO","AI","",""
"09.S04.07","S04 Code: Apply tokens","09.S04.06","Output of 09.S04.06","design-handoff/09-visual-qa/daily-challenge/07","TODO","AI","",""
"09.S04.08","S04 Code: Create mock data","09.S04.07","Output of 09.S04.07","design-handoff/09-visual-qa/daily-challenge/08","TODO","AI","",""
"09.S04.09","S04 Code: Check build","09.S04.08","Output of 09.S04.08","design-handoff/09-visual-qa/daily-challenge/09","TODO","AI","",""
"09.S04.10","S04 Code: Check runtime","09.S04.09","Output of 09.S04.09","design-handoff/09-visual-qa/daily-challenge/10","TODO","AI","",""
"09.S04.11","S04 Code: Check overflow","09.S04.10","Output of 09.S04.10","design-handoff/09-visual-qa/daily-challenge/11","TODO","AI","",""
"09.S04.12","S04 Code: Capture screenshot","09.S04.11","Output of 09.S04.11","design-handoff/09-visual-qa/daily-challenge/12","TODO","AI","",""
"09.S04.13","S04 Code: Compare reference","09.S04.12","Output of 09.S04.12","design-handoff/09-visual-qa/daily-challenge/13","TODO","AI","",""
"09.S04.14","S04 Code: Record visual defects","09.S04.13","Output of 09.S04.13","design-handoff/09-visual-qa/daily-challenge/14","TODO","AI","",""
"09.S04.15","S04 Code: Fix critical defects","09.S04.14","Output of 09.S04.14","design-handoff/09-visual-qa/daily-challenge/15","TODO","AI","",""
"09.S04.16","S04 Code: Fix high defects","09.S04.15","Output of 09.S04.15","design-handoff/09-visual-qa/daily-challenge/16","TODO","AI","",""
"09.S04.17","S04 Code: Fix medium defects","09.S04.16","Output of 09.S04.16","design-handoff/09-visual-qa/daily-challenge/17","TODO","AI","",""
"09.S04.18","S04 Code: Run visual regression","09.S04.17","Output of 09.S04.17","design-handoff/09-visual-qa/daily-challenge/18","TODO","AI","",""
"09.S04.19","S04 Code: Test responsive","09.S04.18","Output of 09.S04.18","design-handoff/09-visual-qa/daily-challenge/19","TODO","AI","",""
"09.S04.20","S04 Code: Test accessibility","09.S04.19","Output of 09.S04.19","design-handoff/09-visual-qa/daily-challenge/20","TODO","AI","",""
"09.S04.21","S04 Code: Create QA report","09.S04.20","Output of 09.S04.20","design-handoff/09-visual-qa/daily-challenge/21","TODO","AI","",""
"09.S04.22","S04 Code: Approve code screen","09.S04.21","Output of 09.S04.21","design-handoff/09-visual-qa/daily-challenge/22","TODO","Owner","",""
"08.S05.01","S05 Figma: Validate screen specification","07.44","Output of 07.44","design-handoff/07-figma/unit-complete/01","TODO","AI","",""
"08.S05.02","S05 Figma: Validate assets","08.S05.01","Output of 08.S05.01","design-handoff/07-figma/unit-complete/02","TODO","AI","",""
"08.S05.03","S05 Figma: Validate component dependencies","08.S05.02","Output of 08.S05.02","design-handoff/07-figma/unit-complete/03","TODO","AI","",""
"08.S05.04","S05 Figma: Create Figma frame","08.S05.03","Output of 08.S05.03","design-handoff/07-figma/unit-complete/04","TODO","AI","",""
"08.S05.05","S05 Figma: Place reference","08.S05.04","Output of 08.S05.04","design-handoff/07-figma/unit-complete/05","TODO","AI","",""
"08.S05.06","S05 Figma: Build layout","08.S05.05","Output of 08.S05.05","design-handoff/07-figma/unit-complete/06","TODO","AI","",""
"08.S05.07","S05 Figma: Place assets","08.S05.06","Output of 08.S05.06","design-handoff/07-figma/unit-complete/07","TODO","AI","",""
"08.S05.08","S05 Figma: Apply typography","08.S05.07","Output of 08.S05.07","design-handoff/07-figma/unit-complete/08","TODO","AI","",""
"08.S05.09","S05 Figma: Apply tokens","08.S05.08","Output of 08.S05.08","design-handoff/07-figma/unit-complete/09","TODO","AI","",""
"08.S05.10","S05 Figma: Build variants","08.S05.09","Output of 08.S05.09","design-handoff/07-figma/unit-complete/10","TODO","AI","",""
"08.S05.11","S05 Figma: Check alignment","08.S05.10","Output of 08.S05.10","design-handoff/07-figma/unit-complete/11","TODO","AI","",""
"08.S05.12","S05 Figma: Export screenshot","08.S05.11","Output of 08.S05.11","design-handoff/07-figma/unit-complete/12","TODO","AI","",""
"08.S05.13","S05 Figma: Compare mockup","08.S05.12","Output of 08.S05.12","design-handoff/07-figma/unit-complete/13","TODO","AI","",""
"08.S05.14","S05 Figma: Record defects","08.S05.13","Output of 08.S05.13","design-handoff/07-figma/unit-complete/14","TODO","AI","",""
"08.S05.15","S05 Figma: Fix defects","08.S05.14","Output of 08.S05.14","design-handoff/07-figma/unit-complete/15","TODO","AI","",""
"08.S05.16","S05 Figma: Revalidate","08.S05.15","Output of 08.S05.15","design-handoff/07-figma/unit-complete/16","TODO","AI","",""
"08.S05.17","S05 Figma: Approve Figma screen","08.S05.16","Output of 08.S05.16","design-handoff/07-figma/unit-complete/17","TODO","Owner","",""
"09.S05.01","S05 Code: Check Figma approval","08.S05.17","Output of 08.S05.17","design-handoff/09-visual-qa/unit-complete/01","TODO","AI","",""
"09.S05.02","S05 Code: Create route","09.S05.01","Output of 09.S05.01","design-handoff/09-visual-qa/unit-complete/02","TODO","AI","",""
"09.S05.03","S05 Code: Create screen shell","09.S05.02","Output of 09.S05.02","design-handoff/09-visual-qa/unit-complete/03","TODO","AI","",""
"09.S05.04","S05 Code: Integrate shared components","09.S05.03","Output of 09.S05.03","design-handoff/09-visual-qa/unit-complete/04","TODO","AI","",""
"09.S05.05","S05 Code: Integrate assets","09.S05.04","Output of 09.S05.04","design-handoff/09-visual-qa/unit-complete/05","TODO","AI","",""
"09.S05.06","S05 Code: Apply layout","09.S05.05","Output of 09.S05.05","design-handoff/09-visual-qa/unit-complete/06","TODO","AI","",""
"09.S05.07","S05 Code: Apply tokens","09.S05.06","Output of 09.S05.06","design-handoff/09-visual-qa/unit-complete/07","TODO","AI","",""
"09.S05.08","S05 Code: Create mock data","09.S05.07","Output of 09.S05.07","design-handoff/09-visual-qa/unit-complete/08","TODO","AI","",""
"09.S05.09","S05 Code: Check build","09.S05.08","Output of 09.S05.08","design-handoff/09-visual-qa/unit-complete/09","TODO","AI","",""
"09.S05.10","S05 Code: Check runtime","09.S05.09","Output of 09.S05.09","design-handoff/09-visual-qa/unit-complete/10","TODO","AI","",""
"09.S05.11","S05 Code: Check overflow","09.S05.10","Output of 09.S05.10","design-handoff/09-visual-qa/unit-complete/11","TODO","AI","",""
"09.S05.12","S05 Code: Capture screenshot","09.S05.11","Output of 09.S05.11","design-handoff/09-visual-qa/unit-complete/12","TODO","AI","",""
"09.S05.13","S05 Code: Compare reference","09.S05.12","Output of 09.S05.12","design-handoff/09-visual-qa/unit-complete/13","TODO","AI","",""
"09.S05.14","S05 Code: Record visual defects","09.S05.13","Output of 09.S05.13","design-handoff/09-visual-qa/unit-complete/14","TODO","AI","",""
"09.S05.15","S05 Code: Fix critical defects","09.S05.14","Output of 09.S05.14","design-handoff/09-visual-qa/unit-complete/15","TODO","AI","",""
"09.S05.16","S05 Code: Fix high defects","09.S05.15","Output of 09.S05.15","design-handoff/09-visual-qa/unit-complete/16","TODO","AI","",""
"09.S05.17","S05 Code: Fix medium defects","09.S05.16","Output of 09.S05.16","design-handoff/09-visual-qa/unit-complete/17","TODO","AI","",""
"09.S05.18","S05 Code: Run visual regression","09.S05.17","Output of 09.S05.17","design-handoff/09-visual-qa/unit-complete/18","TODO","AI","",""
"09.S05.19","S05 Code: Test responsive","09.S05.18","Output of 09.S05.18","design-handoff/09-visual-qa/unit-complete/19","TODO","AI","",""
"09.S05.20","S05 Code: Test accessibility","09.S05.19","Output of 09.S05.19","design-handoff/09-visual-qa/unit-complete/20","TODO","AI","",""
"09.S05.21","S05 Code: Create QA report","09.S05.20","Output of 09.S05.20","design-handoff/09-visual-qa/unit-complete/21","TODO","AI","",""
"09.S05.22","S05 Code: Approve code screen","09.S05.21","Output of 09.S05.21","design-handoff/09-visual-qa/unit-complete/22","TODO","Owner","",""
"08.S06.01","S06 Figma: Validate screen specification","07.44","Output of 07.44","design-handoff/07-figma/my-words/01","TODO","AI","",""
"08.S06.02","S06 Figma: Validate assets","08.S06.01","Output of 08.S06.01","design-handoff/07-figma/my-words/02","TODO","AI","",""
"08.S06.03","S06 Figma: Validate component dependencies","08.S06.02","Output of 08.S06.02","design-handoff/07-figma/my-words/03","TODO","AI","",""
"08.S06.04","S06 Figma: Create Figma frame","08.S06.03","Output of 08.S06.03","design-handoff/07-figma/my-words/04","TODO","AI","",""
"08.S06.05","S06 Figma: Place reference","08.S06.04","Output of 08.S06.04","design-handoff/07-figma/my-words/05","TODO","AI","",""
"08.S06.06","S06 Figma: Build layout","08.S06.05","Output of 08.S06.05","design-handoff/07-figma/my-words/06","TODO","AI","",""
"08.S06.07","S06 Figma: Place assets","08.S06.06","Output of 08.S06.06","design-handoff/07-figma/my-words/07","TODO","AI","",""
"08.S06.08","S06 Figma: Apply typography","08.S06.07","Output of 08.S06.07","design-handoff/07-figma/my-words/08","TODO","AI","",""
"08.S06.09","S06 Figma: Apply tokens","08.S06.08","Output of 08.S06.08","design-handoff/07-figma/my-words/09","TODO","AI","",""
"08.S06.10","S06 Figma: Build variants","08.S06.09","Output of 08.S06.09","design-handoff/07-figma/my-words/10","TODO","AI","",""
"08.S06.11","S06 Figma: Check alignment","08.S06.10","Output of 08.S06.10","design-handoff/07-figma/my-words/11","TODO","AI","",""
"08.S06.12","S06 Figma: Export screenshot","08.S06.11","Output of 08.S06.11","design-handoff/07-figma/my-words/12","TODO","AI","",""
"08.S06.13","S06 Figma: Compare mockup","08.S06.12","Output of 08.S06.12","design-handoff/07-figma/my-words/13","TODO","AI","",""
"08.S06.14","S06 Figma: Record defects","08.S06.13","Output of 08.S06.13","design-handoff/07-figma/my-words/14","TODO","AI","",""
"08.S06.15","S06 Figma: Fix defects","08.S06.14","Output of 08.S06.14","design-handoff/07-figma/my-words/15","TODO","AI","",""
"08.S06.16","S06 Figma: Revalidate","08.S06.15","Output of 08.S06.15","design-handoff/07-figma/my-words/16","TODO","AI","",""
"08.S06.17","S06 Figma: Approve Figma screen","08.S06.16","Output of 08.S06.16","design-handoff/07-figma/my-words/17","TODO","Owner","",""
"09.S06.01","S06 Code: Check Figma approval","08.S06.17","Output of 08.S06.17","design-handoff/09-visual-qa/my-words/01","TODO","AI","",""
"09.S06.02","S06 Code: Create route","09.S06.01","Output of 09.S06.01","design-handoff/09-visual-qa/my-words/02","TODO","AI","",""
"09.S06.03","S06 Code: Create screen shell","09.S06.02","Output of 09.S06.02","design-handoff/09-visual-qa/my-words/03","TODO","AI","",""
"09.S06.04","S06 Code: Integrate shared components","09.S06.03","Output of 09.S06.03","design-handoff/09-visual-qa/my-words/04","TODO","AI","",""
"09.S06.05","S06 Code: Integrate assets","09.S06.04","Output of 09.S06.04","design-handoff/09-visual-qa/my-words/05","TODO","AI","",""
"09.S06.06","S06 Code: Apply layout","09.S06.05","Output of 09.S06.05","design-handoff/09-visual-qa/my-words/06","TODO","AI","",""
"09.S06.07","S06 Code: Apply tokens","09.S06.06","Output of 09.S06.06","design-handoff/09-visual-qa/my-words/07","TODO","AI","",""
"09.S06.08","S06 Code: Create mock data","09.S06.07","Output of 09.S06.07","design-handoff/09-visual-qa/my-words/08","TODO","AI","",""
"09.S06.09","S06 Code: Check build","09.S06.08","Output of 09.S06.08","design-handoff/09-visual-qa/my-words/09","TODO","AI","",""
"09.S06.10","S06 Code: Check runtime","09.S06.09","Output of 09.S06.09","design-handoff/09-visual-qa/my-words/10","TODO","AI","",""
"09.S06.11","S06 Code: Check overflow","09.S06.10","Output of 09.S06.10","design-handoff/09-visual-qa/my-words/11","TODO","AI","",""
"09.S06.12","S06 Code: Capture screenshot","09.S06.11","Output of 09.S06.11","design-handoff/09-visual-qa/my-words/12","TODO","AI","",""
"09.S06.13","S06 Code: Compare reference","09.S06.12","Output of 09.S06.12","design-handoff/09-visual-qa/my-words/13","TODO","AI","",""
"09.S06.14","S06 Code: Record visual defects","09.S06.13","Output of 09.S06.13","design-handoff/09-visual-qa/my-words/14","TODO","AI","",""
"09.S06.15","S06 Code: Fix critical defects","09.S06.14","Output of 09.S06.14","design-handoff/09-visual-qa/my-words/15","TODO","AI","",""
"09.S06.16","S06 Code: Fix high defects","09.S06.15","Output of 09.S06.15","design-handoff/09-visual-qa/my-words/16","TODO","AI","",""
"09.S06.17","S06 Code: Fix medium defects","09.S06.16","Output of 09.S06.16","design-handoff/09-visual-qa/my-words/17","TODO","AI","",""
"09.S06.18","S06 Code: Run visual regression","09.S06.17","Output of 09.S06.17","design-handoff/09-visual-qa/my-words/18","TODO","AI","",""
"09.S06.19","S06 Code: Test responsive","09.S06.18","Output of 09.S06.18","design-handoff/09-visual-qa/my-words/19","TODO","AI","",""
"09.S06.20","S06 Code: Test accessibility","09.S06.19","Output of 09.S06.19","design-handoff/09-visual-qa/my-words/20","TODO","AI","",""
"09.S06.21","S06 Code: Create QA report","09.S06.20","Output of 09.S06.20","design-handoff/09-visual-qa/my-words/21","TODO","AI","",""
"09.S06.22","S06 Code: Approve code screen","09.S06.21","Output of 09.S06.21","design-handoff/09-visual-qa/my-words/22","TODO","Owner","",""
"08.S07.01","S07 Figma: Validate screen specification","07.44","Output of 07.44","design-handoff/07-figma/achievements/01","TODO","AI","",""
"08.S07.02","S07 Figma: Validate assets","08.S07.01","Output of 08.S07.01","design-handoff/07-figma/achievements/02","TODO","AI","",""
"08.S07.03","S07 Figma: Validate component dependencies","08.S07.02","Output of 08.S07.02","design-handoff/07-figma/achievements/03","TODO","AI","",""
"08.S07.04","S07 Figma: Create Figma frame","08.S07.03","Output of 08.S07.03","design-handoff/07-figma/achievements/04","TODO","AI","",""
"08.S07.05","S07 Figma: Place reference","08.S07.04","Output of 08.S07.04","design-handoff/07-figma/achievements/05","TODO","AI","",""
"08.S07.06","S07 Figma: Build layout","08.S07.05","Output of 08.S07.05","design-handoff/07-figma/achievements/06","TODO","AI","",""
"08.S07.07","S07 Figma: Place assets","08.S07.06","Output of 08.S07.06","design-handoff/07-figma/achievements/07","TODO","AI","",""
"08.S07.08","S07 Figma: Apply typography","08.S07.07","Output of 08.S07.07","design-handoff/07-figma/achievements/08","TODO","AI","",""
"08.S07.09","S07 Figma: Apply tokens","08.S07.08","Output of 08.S07.08","design-handoff/07-figma/achievements/09","TODO","AI","",""
"08.S07.10","S07 Figma: Build variants","08.S07.09","Output of 08.S07.09","design-handoff/07-figma/achievements/10","TODO","AI","",""
"08.S07.11","S07 Figma: Check alignment","08.S07.10","Output of 08.S07.10","design-handoff/07-figma/achievements/11","TODO","AI","",""
"08.S07.12","S07 Figma: Export screenshot","08.S07.11","Output of 08.S07.11","design-handoff/07-figma/achievements/12","TODO","AI","",""
"08.S07.13","S07 Figma: Compare mockup","08.S07.12","Output of 08.S07.12","design-handoff/07-figma/achievements/13","TODO","AI","",""
"08.S07.14","S07 Figma: Record defects","08.S07.13","Output of 08.S07.13","design-handoff/07-figma/achievements/14","TODO","AI","",""
"08.S07.15","S07 Figma: Fix defects","08.S07.14","Output of 08.S07.14","design-handoff/07-figma/achievements/15","TODO","AI","",""
"08.S07.16","S07 Figma: Revalidate","08.S07.15","Output of 08.S07.15","design-handoff/07-figma/achievements/16","TODO","AI","",""
"08.S07.17","S07 Figma: Approve Figma screen","08.S07.16","Output of 08.S07.16","design-handoff/07-figma/achievements/17","TODO","Owner","",""
"09.S07.01","S07 Code: Check Figma approval","08.S07.17","Output of 08.S07.17","design-handoff/09-visual-qa/achievements/01","TODO","AI","",""
"09.S07.02","S07 Code: Create route","09.S07.01","Output of 09.S07.01","design-handoff/09-visual-qa/achievements/02","TODO","AI","",""
"09.S07.03","S07 Code: Create screen shell","09.S07.02","Output of 09.S07.02","design-handoff/09-visual-qa/achievements/03","TODO","AI","",""
"09.S07.04","S07 Code: Integrate shared components","09.S07.03","Output of 09.S07.03","design-handoff/09-visual-qa/achievements/04","TODO","AI","",""
"09.S07.05","S07 Code: Integrate assets","09.S07.04","Output of 09.S07.04","design-handoff/09-visual-qa/achievements/05","TODO","AI","",""
"09.S07.06","S07 Code: Apply layout","09.S07.05","Output of 09.S07.05","design-handoff/09-visual-qa/achievements/06","TODO","AI","",""
"09.S07.07","S07 Code: Apply tokens","09.S07.06","Output of 09.S07.06","design-handoff/09-visual-qa/achievements/07","TODO","AI","",""
"09.S07.08","S07 Code: Create mock data","09.S07.07","Output of 09.S07.07","design-handoff/09-visual-qa/achievements/08","TODO","AI","",""
"09.S07.09","S07 Code: Check build","09.S07.08","Output of 09.S07.08","design-handoff/09-visual-qa/achievements/09","TODO","AI","",""
"09.S07.10","S07 Code: Check runtime","09.S07.09","Output of 09.S07.09","design-handoff/09-visual-qa/achievements/10","TODO","AI","",""
"09.S07.11","S07 Code: Check overflow","09.S07.10","Output of 09.S07.10","design-handoff/09-visual-qa/achievements/11","TODO","AI","",""
"09.S07.12","S07 Code: Capture screenshot","09.S07.11","Output of 09.S07.11","design-handoff/09-visual-qa/achievements/12","TODO","AI","",""
"09.S07.13","S07 Code: Compare reference","09.S07.12","Output of 09.S07.12","design-handoff/09-visual-qa/achievements/13","TODO","AI","",""
"09.S07.14","S07 Code: Record visual defects","09.S07.13","Output of 09.S07.13","design-handoff/09-visual-qa/achievements/14","TODO","AI","",""
"09.S07.15","S07 Code: Fix critical defects","09.S07.14","Output of 09.S07.14","design-handoff/09-visual-qa/achievements/15","TODO","AI","",""
"09.S07.16","S07 Code: Fix high defects","09.S07.15","Output of 09.S07.15","design-handoff/09-visual-qa/achievements/16","TODO","AI","",""
"09.S07.17","S07 Code: Fix medium defects","09.S07.16","Output of 09.S07.16","design-handoff/09-visual-qa/achievements/17","TODO","AI","",""
"09.S07.18","S07 Code: Run visual regression","09.S07.17","Output of 09.S07.17","design-handoff/09-visual-qa/achievements/18","TODO","AI","",""
"09.S07.19","S07 Code: Test responsive","09.S07.18","Output of 09.S07.18","design-handoff/09-visual-qa/achievements/19","TODO","AI","",""
"09.S07.20","S07 Code: Test accessibility","09.S07.19","Output of 09.S07.19","design-handoff/09-visual-qa/achievements/20","TODO","AI","",""
"09.S07.21","S07 Code: Create QA report","09.S07.20","Output of 09.S07.20","design-handoff/09-visual-qa/achievements/21","TODO","AI","",""
"09.S07.22","S07 Code: Approve code screen","09.S07.21","Output of 09.S07.21","design-handoff/09-visual-qa/achievements/22","TODO","Owner","",""
"08.S08.01","S08 Figma: Validate screen specification","07.44","Output of 07.44","design-handoff/07-figma/my-stuff/01","TODO","AI","",""
"08.S08.02","S08 Figma: Validate assets","08.S08.01","Output of 08.S08.01","design-handoff/07-figma/my-stuff/02","TODO","AI","",""
"08.S08.03","S08 Figma: Validate component dependencies","08.S08.02","Output of 08.S08.02","design-handoff/07-figma/my-stuff/03","TODO","AI","",""
"08.S08.04","S08 Figma: Create Figma frame","08.S08.03","Output of 08.S08.03","design-handoff/07-figma/my-stuff/04","TODO","AI","",""
"08.S08.05","S08 Figma: Place reference","08.S08.04","Output of 08.S08.04","design-handoff/07-figma/my-stuff/05","TODO","AI","",""
"08.S08.06","S08 Figma: Build layout","08.S08.05","Output of 08.S08.05","design-handoff/07-figma/my-stuff/06","TODO","AI","",""
"08.S08.07","S08 Figma: Place assets","08.S08.06","Output of 08.S08.06","design-handoff/07-figma/my-stuff/07","TODO","AI","",""
"08.S08.08","S08 Figma: Apply typography","08.S08.07","Output of 08.S08.07","design-handoff/07-figma/my-stuff/08","TODO","AI","",""
"08.S08.09","S08 Figma: Apply tokens","08.S08.08","Output of 08.S08.08","design-handoff/07-figma/my-stuff/09","TODO","AI","",""
"08.S08.10","S08 Figma: Build variants","08.S08.09","Output of 08.S08.09","design-handoff/07-figma/my-stuff/10","TODO","AI","",""
"08.S08.11","S08 Figma: Check alignment","08.S08.10","Output of 08.S08.10","design-handoff/07-figma/my-stuff/11","TODO","AI","",""
"08.S08.12","S08 Figma: Export screenshot","08.S08.11","Output of 08.S08.11","design-handoff/07-figma/my-stuff/12","TODO","AI","",""
"08.S08.13","S08 Figma: Compare mockup","08.S08.12","Output of 08.S08.12","design-handoff/07-figma/my-stuff/13","TODO","AI","",""
"08.S08.14","S08 Figma: Record defects","08.S08.13","Output of 08.S08.13","design-handoff/07-figma/my-stuff/14","TODO","AI","",""
"08.S08.15","S08 Figma: Fix defects","08.S08.14","Output of 08.S08.14","design-handoff/07-figma/my-stuff/15","TODO","AI","",""
"08.S08.16","S08 Figma: Revalidate","08.S08.15","Output of 08.S08.15","design-handoff/07-figma/my-stuff/16","TODO","AI","",""
"08.S08.17","S08 Figma: Approve Figma screen","08.S08.16","Output of 08.S08.16","design-handoff/07-figma/my-stuff/17","TODO","Owner","",""
"09.S08.01","S08 Code: Check Figma approval","08.S08.17","Output of 08.S08.17","design-handoff/09-visual-qa/my-stuff/01","TODO","AI","",""
"09.S08.02","S08 Code: Create route","09.S08.01","Output of 09.S08.01","design-handoff/09-visual-qa/my-stuff/02","TODO","AI","",""
"09.S08.03","S08 Code: Create screen shell","09.S08.02","Output of 09.S08.02","design-handoff/09-visual-qa/my-stuff/03","TODO","AI","",""
"09.S08.04","S08 Code: Integrate shared components","09.S08.03","Output of 09.S08.03","design-handoff/09-visual-qa/my-stuff/04","TODO","AI","",""
"09.S08.05","S08 Code: Integrate assets","09.S08.04","Output of 09.S08.04","design-handoff/09-visual-qa/my-stuff/05","TODO","AI","",""
"09.S08.06","S08 Code: Apply layout","09.S08.05","Output of 09.S08.05","design-handoff/09-visual-qa/my-stuff/06","TODO","AI","",""
"09.S08.07","S08 Code: Apply tokens","09.S08.06","Output of 09.S08.06","design-handoff/09-visual-qa/my-stuff/07","TODO","AI","",""
"09.S08.08","S08 Code: Create mock data","09.S08.07","Output of 09.S08.07","design-handoff/09-visual-qa/my-stuff/08","TODO","AI","",""
"09.S08.09","S08 Code: Check build","09.S08.08","Output of 09.S08.08","design-handoff/09-visual-qa/my-stuff/09","TODO","AI","",""
"09.S08.10","S08 Code: Check runtime","09.S08.09","Output of 09.S08.09","design-handoff/09-visual-qa/my-stuff/10","TODO","AI","",""
"09.S08.11","S08 Code: Check overflow","09.S08.10","Output of 09.S08.10","design-handoff/09-visual-qa/my-stuff/11","TODO","AI","",""
"09.S08.12","S08 Code: Capture screenshot","09.S08.11","Output of 09.S08.11","design-handoff/09-visual-qa/my-stuff/12","TODO","AI","",""
"09.S08.13","S08 Code: Compare reference","09.S08.12","Output of 09.S08.12","design-handoff/09-visual-qa/my-stuff/13","TODO","AI","",""
"09.S08.14","S08 Code: Record visual defects","09.S08.13","Output of 09.S08.13","design-handoff/09-visual-qa/my-stuff/14","TODO","AI","",""
"09.S08.15","S08 Code: Fix critical defects","09.S08.14","Output of 09.S08.14","design-handoff/09-visual-qa/my-stuff/15","TODO","AI","",""
"09.S08.16","S08 Code: Fix high defects","09.S08.15","Output of 09.S08.15","design-handoff/09-visual-qa/my-stuff/16","TODO","AI","",""
"09.S08.17","S08 Code: Fix medium defects","09.S08.16","Output of 09.S08.16","design-handoff/09-visual-qa/my-stuff/17","TODO","AI","",""
"09.S08.18","S08 Code: Run visual regression","09.S08.17","Output of 09.S08.17","design-handoff/09-visual-qa/my-stuff/18","TODO","AI","",""
"09.S08.19","S08 Code: Test responsive","09.S08.18","Output of 09.S08.18","design-handoff/09-visual-qa/my-stuff/19","TODO","AI","",""
"09.S08.20","S08 Code: Test accessibility","09.S08.19","Output of 09.S08.19","design-handoff/09-visual-qa/my-stuff/20","TODO","AI","",""
"09.S08.21","S08 Code: Create QA report","09.S08.20","Output of 09.S08.20","design-handoff/09-visual-qa/my-stuff/21","TODO","AI","",""
"09.S08.22","S08 Code: Approve code screen","09.S08.21","Output of 09.S08.21","design-handoff/09-visual-qa/my-stuff/22","TODO","Owner","",""
"08.S09.01","S09 Figma: Validate screen specification","07.44","Output of 07.44","design-handoff/07-figma/onboarding/01","TODO","AI","",""
"08.S09.02","S09 Figma: Validate assets","08.S09.01","Output of 08.S09.01","design-handoff/07-figma/onboarding/02","TODO","AI","",""
"08.S09.03","S09 Figma: Validate component dependencies","08.S09.02","Output of 08.S09.02","design-handoff/07-figma/onboarding/03","TODO","AI","",""
"08.S09.04","S09 Figma: Create Figma frame","08.S09.03","Output of 08.S09.03","design-handoff/07-figma/onboarding/04","TODO","AI","",""
"08.S09.05","S09 Figma: Place reference","08.S09.04","Output of 08.S09.04","design-handoff/07-figma/onboarding/05","TODO","AI","",""
"08.S09.06","S09 Figma: Build layout","08.S09.05","Output of 08.S09.05","design-handoff/07-figma/onboarding/06","TODO","AI","",""
"08.S09.07","S09 Figma: Place assets","08.S09.06","Output of 08.S09.06","design-handoff/07-figma/onboarding/07","TODO","AI","",""
"08.S09.08","S09 Figma: Apply typography","08.S09.07","Output of 08.S09.07","design-handoff/07-figma/onboarding/08","TODO","AI","",""
"08.S09.09","S09 Figma: Apply tokens","08.S09.08","Output of 08.S09.08","design-handoff/07-figma/onboarding/09","TODO","AI","",""
"08.S09.10","S09 Figma: Build variants","08.S09.09","Output of 08.S09.09","design-handoff/07-figma/onboarding/10","TODO","AI","",""
"08.S09.11","S09 Figma: Check alignment","08.S09.10","Output of 08.S09.10","design-handoff/07-figma/onboarding/11","TODO","AI","",""
"08.S09.12","S09 Figma: Export screenshot","08.S09.11","Output of 08.S09.11","design-handoff/07-figma/onboarding/12","TODO","AI","",""
"08.S09.13","S09 Figma: Compare mockup","08.S09.12","Output of 08.S09.12","design-handoff/07-figma/onboarding/13","TODO","AI","",""
"08.S09.14","S09 Figma: Record defects","08.S09.13","Output of 08.S09.13","design-handoff/07-figma/onboarding/14","TODO","AI","",""
"08.S09.15","S09 Figma: Fix defects","08.S09.14","Output of 08.S09.14","design-handoff/07-figma/onboarding/15","TODO","AI","",""
"08.S09.16","S09 Figma: Revalidate","08.S09.15","Output of 08.S09.15","design-handoff/07-figma/onboarding/16","TODO","AI","",""
"08.S09.17","S09 Figma: Approve Figma screen","08.S09.16","Output of 08.S09.16","design-handoff/07-figma/onboarding/17","TODO","Owner","",""
"09.S09.01","S09 Code: Check Figma approval","08.S09.17","Output of 08.S09.17","design-handoff/09-visual-qa/onboarding/01","TODO","AI","",""
"09.S09.02","S09 Code: Create route","09.S09.01","Output of 09.S09.01","design-handoff/09-visual-qa/onboarding/02","TODO","AI","",""
"09.S09.03","S09 Code: Create screen shell","09.S09.02","Output of 09.S09.02","design-handoff/09-visual-qa/onboarding/03","TODO","AI","",""
"09.S09.04","S09 Code: Integrate shared components","09.S09.03","Output of 09.S09.03","design-handoff/09-visual-qa/onboarding/04","TODO","AI","",""
"09.S09.05","S09 Code: Integrate assets","09.S09.04","Output of 09.S09.04","design-handoff/09-visual-qa/onboarding/05","TODO","AI","",""
"09.S09.06","S09 Code: Apply layout","09.S09.05","Output of 09.S09.05","design-handoff/09-visual-qa/onboarding/06","TODO","AI","",""
"09.S09.07","S09 Code: Apply tokens","09.S09.06","Output of 09.S09.06","design-handoff/09-visual-qa/onboarding/07","TODO","AI","",""
"09.S09.08","S09 Code: Create mock data","09.S09.07","Output of 09.S09.07","design-handoff/09-visual-qa/onboarding/08","TODO","AI","",""
"09.S09.09","S09 Code: Check build","09.S09.08","Output of 09.S09.08","design-handoff/09-visual-qa/onboarding/09","TODO","AI","",""
"09.S09.10","S09 Code: Check runtime","09.S09.09","Output of 09.S09.09","design-handoff/09-visual-qa/onboarding/10","TODO","AI","",""
"09.S09.11","S09 Code: Check overflow","09.S09.10","Output of 09.S09.10","design-handoff/09-visual-qa/onboarding/11","TODO","AI","",""
"09.S09.12","S09 Code: Capture screenshot","09.S09.11","Output of 09.S09.11","design-handoff/09-visual-qa/onboarding/12","TODO","AI","",""
"09.S09.13","S09 Code: Compare reference","09.S09.12","Output of 09.S09.12","design-handoff/09-visual-qa/onboarding/13","TODO","AI","",""
"09.S09.14","S09 Code: Record visual defects","09.S09.13","Output of 09.S09.13","design-handoff/09-visual-qa/onboarding/14","TODO","AI","",""
"09.S09.15","S09 Code: Fix critical defects","09.S09.14","Output of 09.S09.14","design-handoff/09-visual-qa/onboarding/15","TODO","AI","",""
"09.S09.16","S09 Code: Fix high defects","09.S09.15","Output of 09.S09.15","design-handoff/09-visual-qa/onboarding/16","TODO","AI","",""
"09.S09.17","S09 Code: Fix medium defects","09.S09.16","Output of 09.S09.16","design-handoff/09-visual-qa/onboarding/17","TODO","AI","",""
"09.S09.18","S09 Code: Run visual regression","09.S09.17","Output of 09.S09.17","design-handoff/09-visual-qa/onboarding/18","TODO","AI","",""
"09.S09.19","S09 Code: Test responsive","09.S09.18","Output of 09.S09.18","design-handoff/09-visual-qa/onboarding/19","TODO","AI","",""
"09.S09.20","S09 Code: Test accessibility","09.S09.19","Output of 09.S09.19","design-handoff/09-visual-qa/onboarding/20","TODO","AI","",""
"09.S09.21","S09 Code: Create QA report","09.S09.20","Output of 09.S09.20","design-handoff/09-visual-qa/onboarding/21","TODO","AI","",""
"09.S09.22","S09 Code: Approve code screen","09.S09.21","Output of 09.S09.21","design-handoff/09-visual-qa/onboarding/22","TODO","Owner","",""
"08.S10.01","S10 Figma: Validate screen specification","07.44","Output of 07.44","design-handoff/07-figma/learning-guard/01","TODO","AI","",""
"08.S10.02","S10 Figma: Validate assets","08.S10.01","Output of 08.S10.01","design-handoff/07-figma/learning-guard/02","TODO","AI","",""
"08.S10.03","S10 Figma: Validate component dependencies","08.S10.02","Output of 08.S10.02","design-handoff/07-figma/learning-guard/03","TODO","AI","",""
"08.S10.04","S10 Figma: Create Figma frame","08.S10.03","Output of 08.S10.03","design-handoff/07-figma/learning-guard/04","TODO","AI","",""
"08.S10.05","S10 Figma: Place reference","08.S10.04","Output of 08.S10.04","design-handoff/07-figma/learning-guard/05","TODO","AI","",""
"08.S10.06","S10 Figma: Build layout","08.S10.05","Output of 08.S10.05","design-handoff/07-figma/learning-guard/06","TODO","AI","",""
"08.S10.07","S10 Figma: Place assets","08.S10.06","Output of 08.S10.06","design-handoff/07-figma/learning-guard/07","TODO","AI","",""
"08.S10.08","S10 Figma: Apply typography","08.S10.07","Output of 08.S10.07","design-handoff/07-figma/learning-guard/08","TODO","AI","",""
"08.S10.09","S10 Figma: Apply tokens","08.S10.08","Output of 08.S10.08","design-handoff/07-figma/learning-guard/09","TODO","AI","",""
"08.S10.10","S10 Figma: Build variants","08.S10.09","Output of 08.S10.09","design-handoff/07-figma/learning-guard/10","TODO","AI","",""
"08.S10.11","S10 Figma: Check alignment","08.S10.10","Output of 08.S10.10","design-handoff/07-figma/learning-guard/11","TODO","AI","",""
"08.S10.12","S10 Figma: Export screenshot","08.S10.11","Output of 08.S10.11","design-handoff/07-figma/learning-guard/12","TODO","AI","",""
"08.S10.13","S10 Figma: Compare mockup","08.S10.12","Output of 08.S10.12","design-handoff/07-figma/learning-guard/13","TODO","AI","",""
"08.S10.14","S10 Figma: Record defects","08.S10.13","Output of 08.S10.13","design-handoff/07-figma/learning-guard/14","TODO","AI","",""
"08.S10.15","S10 Figma: Fix defects","08.S10.14","Output of 08.S10.14","design-handoff/07-figma/learning-guard/15","TODO","AI","",""
"08.S10.16","S10 Figma: Revalidate","08.S10.15","Output of 08.S10.15","design-handoff/07-figma/learning-guard/16","TODO","AI","",""
"08.S10.17","S10 Figma: Approve Figma screen","08.S10.16","Output of 08.S10.16","design-handoff/07-figma/learning-guard/17","TODO","Owner","",""
"09.S10.01","S10 Code: Check Figma approval","08.S10.17","Output of 08.S10.17","design-handoff/09-visual-qa/learning-guard/01","TODO","AI","",""
"09.S10.02","S10 Code: Create route","09.S10.01","Output of 09.S10.01","design-handoff/09-visual-qa/learning-guard/02","TODO","AI","",""
"09.S10.03","S10 Code: Create screen shell","09.S10.02","Output of 09.S10.02","design-handoff/09-visual-qa/learning-guard/03","TODO","AI","",""
"09.S10.04","S10 Code: Integrate shared components","09.S10.03","Output of 09.S10.03","design-handoff/09-visual-qa/learning-guard/04","TODO","AI","",""
"09.S10.05","S10 Code: Integrate assets","09.S10.04","Output of 09.S10.04","design-handoff/09-visual-qa/learning-guard/05","TODO","AI","",""
"09.S10.06","S10 Code: Apply layout","09.S10.05","Output of 09.S10.05","design-handoff/09-visual-qa/learning-guard/06","TODO","AI","",""
"09.S10.07","S10 Code: Apply tokens","09.S10.06","Output of 09.S10.06","design-handoff/09-visual-qa/learning-guard/07","TODO","AI","",""
"09.S10.08","S10 Code: Create mock data","09.S10.07","Output of 09.S10.07","design-handoff/09-visual-qa/learning-guard/08","TODO","AI","",""
"09.S10.09","S10 Code: Check build","09.S10.08","Output of 09.S10.08","design-handoff/09-visual-qa/learning-guard/09","TODO","AI","",""
"09.S10.10","S10 Code: Check runtime","09.S10.09","Output of 09.S10.09","design-handoff/09-visual-qa/learning-guard/10","TODO","AI","",""
"09.S10.11","S10 Code: Check overflow","09.S10.10","Output of 09.S10.10","design-handoff/09-visual-qa/learning-guard/11","TODO","AI","",""
"09.S10.12","S10 Code: Capture screenshot","09.S10.11","Output of 09.S10.11","design-handoff/09-visual-qa/learning-guard/12","TODO","AI","",""
"09.S10.13","S10 Code: Compare reference","09.S10.12","Output of 09.S10.12","design-handoff/09-visual-qa/learning-guard/13","TODO","AI","",""
"09.S10.14","S10 Code: Record visual defects","09.S10.13","Output of 09.S10.13","design-handoff/09-visual-qa/learning-guard/14","TODO","AI","",""
"09.S10.15","S10 Code: Fix critical defects","09.S10.14","Output of 09.S10.14","design-handoff/09-visual-qa/learning-guard/15","TODO","AI","",""
"09.S10.16","S10 Code: Fix high defects","09.S10.15","Output of 09.S10.15","design-handoff/09-visual-qa/learning-guard/16","TODO","AI","",""
"09.S10.17","S10 Code: Fix medium defects","09.S10.16","Output of 09.S10.16","design-handoff/09-visual-qa/learning-guard/17","TODO","AI","",""
"09.S10.18","S10 Code: Run visual regression","09.S10.17","Output of 09.S10.17","design-handoff/09-visual-qa/learning-guard/18","TODO","AI","",""
"09.S10.19","S10 Code: Test responsive","09.S10.18","Output of 09.S10.18","design-handoff/09-visual-qa/learning-guard/19","TODO","AI","",""
"09.S10.20","S10 Code: Test accessibility","09.S10.19","Output of 09.S10.19","design-handoff/09-visual-qa/learning-guard/20","TODO","AI","",""
"09.S10.21","S10 Code: Create QA report","09.S10.20","Output of 09.S10.20","design-handoff/09-visual-qa/learning-guard/21","TODO","AI","",""
"09.S10.22","S10 Code: Approve code screen","09.S10.21","Output of 09.S10.21","design-handoff/09-visual-qa/learning-guard/22","TODO","Owner","",""
"08.S11.01","S11 Figma: Validate screen specification","07.44","Output of 07.44","design-handoff/07-figma/offline-download/01","TODO","AI","",""
"08.S11.02","S11 Figma: Validate assets","08.S11.01","Output of 08.S11.01","design-handoff/07-figma/offline-download/02","TODO","AI","",""
"08.S11.03","S11 Figma: Validate component dependencies","08.S11.02","Output of 08.S11.02","design-handoff/07-figma/offline-download/03","TODO","AI","",""
"08.S11.04","S11 Figma: Create Figma frame","08.S11.03","Output of 08.S11.03","design-handoff/07-figma/offline-download/04","TODO","AI","",""
"08.S11.05","S11 Figma: Place reference","08.S11.04","Output of 08.S11.04","design-handoff/07-figma/offline-download/05","TODO","AI","",""
"08.S11.06","S11 Figma: Build layout","08.S11.05","Output of 08.S11.05","design-handoff/07-figma/offline-download/06","TODO","AI","",""
"08.S11.07","S11 Figma: Place assets","08.S11.06","Output of 08.S11.06","design-handoff/07-figma/offline-download/07","TODO","AI","",""
"08.S11.08","S11 Figma: Apply typography","08.S11.07","Output of 08.S11.07","design-handoff/07-figma/offline-download/08","TODO","AI","",""
"08.S11.09","S11 Figma: Apply tokens","08.S11.08","Output of 08.S11.08","design-handoff/07-figma/offline-download/09","TODO","AI","",""
"08.S11.10","S11 Figma: Build variants","08.S11.09","Output of 08.S11.09","design-handoff/07-figma/offline-download/10","TODO","AI","",""
"08.S11.11","S11 Figma: Check alignment","08.S11.10","Output of 08.S11.10","design-handoff/07-figma/offline-download/11","TODO","AI","",""
"08.S11.12","S11 Figma: Export screenshot","08.S11.11","Output of 08.S11.11","design-handoff/07-figma/offline-download/12","TODO","AI","",""
"08.S11.13","S11 Figma: Compare mockup","08.S11.12","Output of 08.S11.12","design-handoff/07-figma/offline-download/13","TODO","AI","",""
"08.S11.14","S11 Figma: Record defects","08.S11.13","Output of 08.S11.13","design-handoff/07-figma/offline-download/14","TODO","AI","",""
"08.S11.15","S11 Figma: Fix defects","08.S11.14","Output of 08.S11.14","design-handoff/07-figma/offline-download/15","TODO","AI","",""
"08.S11.16","S11 Figma: Revalidate","08.S11.15","Output of 08.S11.15","design-handoff/07-figma/offline-download/16","TODO","AI","",""
"08.S11.17","S11 Figma: Approve Figma screen","08.S11.16","Output of 08.S11.16","design-handoff/07-figma/offline-download/17","TODO","Owner","",""
"09.S11.01","S11 Code: Check Figma approval","08.S11.17","Output of 08.S11.17","design-handoff/09-visual-qa/offline-download/01","TODO","AI","",""
"09.S11.02","S11 Code: Create route","09.S11.01","Output of 09.S11.01","design-handoff/09-visual-qa/offline-download/02","TODO","AI","",""
"09.S11.03","S11 Code: Create screen shell","09.S11.02","Output of 09.S11.02","design-handoff/09-visual-qa/offline-download/03","TODO","AI","",""
"09.S11.04","S11 Code: Integrate shared components","09.S11.03","Output of 09.S11.03","design-handoff/09-visual-qa/offline-download/04","TODO","AI","",""
"09.S11.05","S11 Code: Integrate assets","09.S11.04","Output of 09.S11.04","design-handoff/09-visual-qa/offline-download/05","TODO","AI","",""
"09.S11.06","S11 Code: Apply layout","09.S11.05","Output of 09.S11.05","design-handoff/09-visual-qa/offline-download/06","TODO","AI","",""
"09.S11.07","S11 Code: Apply tokens","09.S11.06","Output of 09.S11.06","design-handoff/09-visual-qa/offline-download/07","TODO","AI","",""
"09.S11.08","S11 Code: Create mock data","09.S11.07","Output of 09.S11.07","design-handoff/09-visual-qa/offline-download/08","TODO","AI","",""
"09.S11.09","S11 Code: Check build","09.S11.08","Output of 09.S11.08","design-handoff/09-visual-qa/offline-download/09","TODO","AI","",""
"09.S11.10","S11 Code: Check runtime","09.S11.09","Output of 09.S11.09","design-handoff/09-visual-qa/offline-download/10","TODO","AI","",""
"09.S11.11","S11 Code: Check overflow","09.S11.10","Output of 09.S11.10","design-handoff/09-visual-qa/offline-download/11","TODO","AI","",""
"09.S11.12","S11 Code: Capture screenshot","09.S11.11","Output of 09.S11.11","design-handoff/09-visual-qa/offline-download/12","TODO","AI","",""
"09.S11.13","S11 Code: Compare reference","09.S11.12","Output of 09.S11.12","design-handoff/09-visual-qa/offline-download/13","TODO","AI","",""
"09.S11.14","S11 Code: Record visual defects","09.S11.13","Output of 09.S11.13","design-handoff/09-visual-qa/offline-download/14","TODO","AI","",""
"09.S11.15","S11 Code: Fix critical defects","09.S11.14","Output of 09.S11.14","design-handoff/09-visual-qa/offline-download/15","TODO","AI","",""
"09.S11.16","S11 Code: Fix high defects","09.S11.15","Output of 09.S11.15","design-handoff/09-visual-qa/offline-download/16","TODO","AI","",""
"09.S11.17","S11 Code: Fix medium defects","09.S11.16","Output of 09.S11.16","design-handoff/09-visual-qa/offline-download/17","TODO","AI","",""
"09.S11.18","S11 Code: Run visual regression","09.S11.17","Output of 09.S11.17","design-handoff/09-visual-qa/offline-download/18","TODO","AI","",""
"09.S11.19","S11 Code: Test responsive","09.S11.18","Output of 09.S11.18","design-handoff/09-visual-qa/offline-download/19","TODO","AI","",""
"09.S11.20","S11 Code: Test accessibility","09.S11.19","Output of 09.S11.19","design-handoff/09-visual-qa/offline-download/20","TODO","AI","",""
"09.S11.21","S11 Code: Create QA report","09.S11.20","Output of 09.S11.20","design-handoff/09-visual-qa/offline-download/21","TODO","AI","",""
"09.S11.22","S11 Code: Approve code screen","09.S11.21","Output of 09.S11.21","design-handoff/09-visual-qa/offline-download/22","TODO","Owner","",""
"08.S12.01","S12 Figma: Validate screen specification","07.44","Output of 07.44","design-handoff/07-figma/progress-map/01","TODO","AI","",""
"08.S12.02","S12 Figma: Validate assets","08.S12.01","Output of 08.S12.01","design-handoff/07-figma/progress-map/02","TODO","AI","",""
"08.S12.03","S12 Figma: Validate component dependencies","08.S12.02","Output of 08.S12.02","design-handoff/07-figma/progress-map/03","TODO","AI","",""
"08.S12.04","S12 Figma: Create Figma frame","08.S12.03","Output of 08.S12.03","design-handoff/07-figma/progress-map/04","TODO","AI","",""
"08.S12.05","S12 Figma: Place reference","08.S12.04","Output of 08.S12.04","design-handoff/07-figma/progress-map/05","TODO","AI","",""
"08.S12.06","S12 Figma: Build layout","08.S12.05","Output of 08.S12.05","design-handoff/07-figma/progress-map/06","TODO","AI","",""
"08.S12.07","S12 Figma: Place assets","08.S12.06","Output of 08.S12.06","design-handoff/07-figma/progress-map/07","TODO","AI","",""
"08.S12.08","S12 Figma: Apply typography","08.S12.07","Output of 08.S12.07","design-handoff/07-figma/progress-map/08","TODO","AI","",""
"08.S12.09","S12 Figma: Apply tokens","08.S12.08","Output of 08.S12.08","design-handoff/07-figma/progress-map/09","TODO","AI","",""
"08.S12.10","S12 Figma: Build variants","08.S12.09","Output of 08.S12.09","design-handoff/07-figma/progress-map/10","TODO","AI","",""
"08.S12.11","S12 Figma: Check alignment","08.S12.10","Output of 08.S12.10","design-handoff/07-figma/progress-map/11","TODO","AI","",""
"08.S12.12","S12 Figma: Export screenshot","08.S12.11","Output of 08.S12.11","design-handoff/07-figma/progress-map/12","TODO","AI","",""
"08.S12.13","S12 Figma: Compare mockup","08.S12.12","Output of 08.S12.12","design-handoff/07-figma/progress-map/13","TODO","AI","",""
"08.S12.14","S12 Figma: Record defects","08.S12.13","Output of 08.S12.13","design-handoff/07-figma/progress-map/14","TODO","AI","",""
"08.S12.15","S12 Figma: Fix defects","08.S12.14","Output of 08.S12.14","design-handoff/07-figma/progress-map/15","TODO","AI","",""
"08.S12.16","S12 Figma: Revalidate","08.S12.15","Output of 08.S12.15","design-handoff/07-figma/progress-map/16","TODO","AI","",""
"08.S12.17","S12 Figma: Approve Figma screen","08.S12.16","Output of 08.S12.16","design-handoff/07-figma/progress-map/17","TODO","Owner","",""
"09.S12.01","S12 Code: Check Figma approval","08.S12.17","Output of 08.S12.17","design-handoff/09-visual-qa/progress-map/01","TODO","AI","",""
"09.S12.02","S12 Code: Create route","09.S12.01","Output of 09.S12.01","design-handoff/09-visual-qa/progress-map/02","TODO","AI","",""
"09.S12.03","S12 Code: Create screen shell","09.S12.02","Output of 09.S12.02","design-handoff/09-visual-qa/progress-map/03","TODO","AI","",""
"09.S12.04","S12 Code: Integrate shared components","09.S12.03","Output of 09.S12.03","design-handoff/09-visual-qa/progress-map/04","TODO","AI","",""
"09.S12.05","S12 Code: Integrate assets","09.S12.04","Output of 09.S12.04","design-handoff/09-visual-qa/progress-map/05","TODO","AI","",""
"09.S12.06","S12 Code: Apply layout","09.S12.05","Output of 09.S12.05","design-handoff/09-visual-qa/progress-map/06","TODO","AI","",""
"09.S12.07","S12 Code: Apply tokens","09.S12.06","Output of 09.S12.06","design-handoff/09-visual-qa/progress-map/07","TODO","AI","",""
"09.S12.08","S12 Code: Create mock data","09.S12.07","Output of 09.S12.07","design-handoff/09-visual-qa/progress-map/08","TODO","AI","",""
"09.S12.09","S12 Code: Check build","09.S12.08","Output of 09.S12.08","design-handoff/09-visual-qa/progress-map/09","TODO","AI","",""
"09.S12.10","S12 Code: Check runtime","09.S12.09","Output of 09.S12.09","design-handoff/09-visual-qa/progress-map/10","TODO","AI","",""
"09.S12.11","S12 Code: Check overflow","09.S12.10","Output of 09.S12.10","design-handoff/09-visual-qa/progress-map/11","TODO","AI","",""
"09.S12.12","S12 Code: Capture screenshot","09.S12.11","Output of 09.S12.11","design-handoff/09-visual-qa/progress-map/12","TODO","AI","",""
"09.S12.13","S12 Code: Compare reference","09.S12.12","Output of 09.S12.12","design-handoff/09-visual-qa/progress-map/13","TODO","AI","",""
"09.S12.14","S12 Code: Record visual defects","09.S12.13","Output of 09.S12.13","design-handoff/09-visual-qa/progress-map/14","TODO","AI","",""
"09.S12.15","S12 Code: Fix critical defects","09.S12.14","Output of 09.S12.14","design-handoff/09-visual-qa/progress-map/15","TODO","AI","",""
"09.S12.16","S12 Code: Fix high defects","09.S12.15","Output of 09.S12.15","design-handoff/09-visual-qa/progress-map/16","TODO","AI","",""
"09.S12.17","S12 Code: Fix medium defects","09.S12.16","Output of 09.S12.16","design-handoff/09-visual-qa/progress-map/17","TODO","AI","",""
"09.S12.18","S12 Code: Run visual regression","09.S12.17","Output of 09.S12.17","design-handoff/09-visual-qa/progress-map/18","TODO","AI","",""
"09.S12.19","S12 Code: Test responsive","09.S12.18","Output of 09.S12.18","design-handoff/09-visual-qa/progress-map/19","TODO","AI","",""
"09.S12.20","S12 Code: Test accessibility","09.S12.19","Output of 09.S12.19","design-handoff/09-visual-qa/progress-map/20","TODO","AI","",""
"09.S12.21","S12 Code: Create QA report","09.S12.20","Output of 09.S12.20","design-handoff/09-visual-qa/progress-map/21","TODO","AI","",""
"09.S12.22","S12 Code: Approve code screen","09.S12.21","Output of 09.S12.21","design-handoff/09-visual-qa/progress-map/22","TODO","Owner","",""
"08.S13.01","S13 Figma: Validate screen specification","07.44","Output of 07.44","design-handoff/07-figma/settings/01","TODO","AI","",""
"08.S13.02","S13 Figma: Validate assets","08.S13.01","Output of 08.S13.01","design-handoff/07-figma/settings/02","TODO","AI","",""
"08.S13.03","S13 Figma: Validate component dependencies","08.S13.02","Output of 08.S13.02","design-handoff/07-figma/settings/03","TODO","AI","",""
"08.S13.04","S13 Figma: Create Figma frame","08.S13.03","Output of 08.S13.03","design-handoff/07-figma/settings/04","TODO","AI","",""
"08.S13.05","S13 Figma: Place reference","08.S13.04","Output of 08.S13.04","design-handoff/07-figma/settings/05","TODO","AI","",""
"08.S13.06","S13 Figma: Build layout","08.S13.05","Output of 08.S13.05","design-handoff/07-figma/settings/06","TODO","AI","",""
"08.S13.07","S13 Figma: Place assets","08.S13.06","Output of 08.S13.06","design-handoff/07-figma/settings/07","TODO","AI","",""
"08.S13.08","S13 Figma: Apply typography","08.S13.07","Output of 08.S13.07","design-handoff/07-figma/settings/08","TODO","AI","",""
"08.S13.09","S13 Figma: Apply tokens","08.S13.08","Output of 08.S13.08","design-handoff/07-figma/settings/09","TODO","AI","",""
"08.S13.10","S13 Figma: Build variants","08.S13.09","Output of 08.S13.09","design-handoff/07-figma/settings/10","TODO","AI","",""
"08.S13.11","S13 Figma: Check alignment","08.S13.10","Output of 08.S13.10","design-handoff/07-figma/settings/11","TODO","AI","",""
"08.S13.12","S13 Figma: Export screenshot","08.S13.11","Output of 08.S13.11","design-handoff/07-figma/settings/12","TODO","AI","",""
"08.S13.13","S13 Figma: Compare mockup","08.S13.12","Output of 08.S13.12","design-handoff/07-figma/settings/13","TODO","AI","",""
"08.S13.14","S13 Figma: Record defects","08.S13.13","Output of 08.S13.13","design-handoff/07-figma/settings/14","TODO","AI","",""
"08.S13.15","S13 Figma: Fix defects","08.S13.14","Output of 08.S13.14","design-handoff/07-figma/settings/15","TODO","AI","",""
"08.S13.16","S13 Figma: Revalidate","08.S13.15","Output of 08.S13.15","design-handoff/07-figma/settings/16","TODO","AI","",""
"08.S13.17","S13 Figma: Approve Figma screen","08.S13.16","Output of 08.S13.16","design-handoff/07-figma/settings/17","TODO","Owner","",""
"09.S13.01","S13 Code: Check Figma approval","08.S13.17","Output of 08.S13.17","design-handoff/09-visual-qa/settings/01","TODO","AI","",""
"09.S13.02","S13 Code: Create route","09.S13.01","Output of 09.S13.01","design-handoff/09-visual-qa/settings/02","TODO","AI","",""
"09.S13.03","S13 Code: Create screen shell","09.S13.02","Output of 09.S13.02","design-handoff/09-visual-qa/settings/03","TODO","AI","",""
"09.S13.04","S13 Code: Integrate shared components","09.S13.03","Output of 09.S13.03","design-handoff/09-visual-qa/settings/04","TODO","AI","",""
"09.S13.05","S13 Code: Integrate assets","09.S13.04","Output of 09.S13.04","design-handoff/09-visual-qa/settings/05","TODO","AI","",""
"09.S13.06","S13 Code: Apply layout","09.S13.05","Output of 09.S13.05","design-handoff/09-visual-qa/settings/06","TODO","AI","",""
"09.S13.07","S13 Code: Apply tokens","09.S13.06","Output of 09.S13.06","design-handoff/09-visual-qa/settings/07","TODO","AI","",""
"09.S13.08","S13 Code: Create mock data","09.S13.07","Output of 09.S13.07","design-handoff/09-visual-qa/settings/08","TODO","AI","",""
"09.S13.09","S13 Code: Check build","09.S13.08","Output of 09.S13.08","design-handoff/09-visual-qa/settings/09","TODO","AI","",""
"09.S13.10","S13 Code: Check runtime","09.S13.09","Output of 09.S13.09","design-handoff/09-visual-qa/settings/10","TODO","AI","",""
"09.S13.11","S13 Code: Check overflow","09.S13.10","Output of 09.S13.10","design-handoff/09-visual-qa/settings/11","TODO","AI","",""
"09.S13.12","S13 Code: Capture screenshot","09.S13.11","Output of 09.S13.11","design-handoff/09-visual-qa/settings/12","TODO","AI","",""
"09.S13.13","S13 Code: Compare reference","09.S13.12","Output of 09.S13.12","design-handoff/09-visual-qa/settings/13","TODO","AI","",""
"09.S13.14","S13 Code: Record visual defects","09.S13.13","Output of 09.S13.13","design-handoff/09-visual-qa/settings/14","TODO","AI","",""
"09.S13.15","S13 Code: Fix critical defects","09.S13.14","Output of 09.S13.14","design-handoff/09-visual-qa/settings/15","TODO","AI","",""
"09.S13.16","S13 Code: Fix high defects","09.S13.15","Output of 09.S13.15","design-handoff/09-visual-qa/settings/16","TODO","AI","",""
"09.S13.17","S13 Code: Fix medium defects","09.S13.16","Output of 09.S13.16","design-handoff/09-visual-qa/settings/17","TODO","AI","",""
"09.S13.18","S13 Code: Run visual regression","09.S13.17","Output of 09.S13.17","design-handoff/09-visual-qa/settings/18","TODO","AI","",""
"09.S13.19","S13 Code: Test responsive","09.S13.18","Output of 09.S13.18","design-handoff/09-visual-qa/settings/19","TODO","AI","",""
"09.S13.20","S13 Code: Test accessibility","09.S13.19","Output of 09.S13.19","design-handoff/09-visual-qa/settings/20","TODO","AI","",""
"09.S13.21","S13 Code: Create QA report","09.S13.20","Output of 09.S13.20","design-handoff/09-visual-qa/settings/21","TODO","AI","",""
"09.S13.22","S13 Code: Approve code screen","09.S13.21","Output of 09.S13.21","design-handoff/09-visual-qa/settings/22","TODO","Owner","",""
